Los Angeles Lakers,Minnesota Timberwolves,2015-10-28 10:30:00,1,ESPN
Sacramento Kings,Los Angeles Lakers,2015-10-30 10:00:00,0,Local
Los Angeles Lakers,Dallas Mavericks,2015-11-01 09:30:00,0,Local
Los Angeles Lakers,Denver Nuggets,2015-11-03 10:30:00,0,Local
Brooklyn Nets,Los Angeles Lakers,2015-11-06 07:30:00,0,Local
New York Knicks,Los Angeles Lakers,2015-11-08 03:30:00,0,Local
Miami Heat,Los Angeles Lakers,2015-11-10 07:30:00,0,Local
Orlando Magic,Los Angeles Lakers,2015-11-11 07:00:00,0,Local
Dallas Mavericks,Los Angeles Lakers,2015-11-13 08:30:00,0,Local
Los Angeles Lakers,Detroit Pistons,2015-11-15 09:30:00,0,Local
Phoenix Suns,Los Angeles Lakers,2015-11-16 09:00:00,0,Local
Los Angeles Lakers,Toronto Raptors,2015-11-20 10:30:00,0,Local
Los Angeles Lakers,Portland Trail Blazers,2015-11-22 09:30:00,0,Local
Golden State Warriors,Los Angeles Lakers,2015-11-24 10:30:00,1,TNT
Portland Trail Blazers,Los Angeles Lakers,2015-11-28 10:00:00,0,Local
Los Angeles Lakers,Indiana Pacers,2015-11-29 09:30:00,0,Local
Philadelphia 76Ers,Los Angeles Lakers,2015-12-01 07:00:00,0,Local
Washington Wizards,Los Angeles Lakers,2015-12-02 07:00:00,0,Local
Atlanta Hawks,Los Angeles Lakers,2015-12-04 08:00:00,0,Local
Detroit Pistons,Los Angeles Lakers,2015-12-06 06:00:00,0,Local
Toronto Raptors,Los Angeles Lakers,2015-12-07 07:30:00,0,Local
Minnesota Timberwolves,Los Angeles Lakers,2015-12-09 08:00:00,0,Local
San Antonio Spurs,Los Angeles Lakers,2015-12-11 09:30:00,1,ESPN
Houston Rockets,Los Angeles Lakers,2015-12-12 08:00:00,0,Local
Los Angeles Lakers,Milwaukee Bucks,2015-12-15 10:30:00,1,NBATV
Los Angeles Lakers,Houston Rockets,2015-12-17 10:30:00,1,TNT
Oklahoma City Thunder,Los Angeles Lakers,2015-12-19 05:00:00,0,Local
Denver Nuggets,Los Angeles Lakers,2015-12-22 09:00:00,0,Local
Los Angeles Lakers,Oklahoma City Thunder,2015-12-23 10:30:00,1,NBATV
Los Angeles Lakers,Los Angeles Clippers,2015-12-25 10:30:00,1,ESPN
Memphis Grizzlies,Los Angeles Lakers,2015-12-27 06:00:00,0,Local
Charlotte Hornets,Los Angeles Lakers,2015-12-28 07:00:00,0,Local
Boston Celtics,Los Angeles Lakers,2015-12-30 07:30:00,0,Local
Los Angeles Lakers,Philadelphia 76Ers,2016-01-01 10:30:00,0,Local
Los Angeles Lakers,Phoenix Suns,2016-01-03 09:30:00,0,Local
Los Angeles Lakers,Golden State Warriors,2016-01-05 10:30:00,1,NBATV
Sacramento Kings,Los Angeles Lakers,2016-01-07 10:30:00,1,TNT
Los Angeles Lakers,Oklahoma City Thunder,2016-01-08 10:30:00,1,ESPN
Los Angeles Lakers,Utah Jazz,2016-01-10 09:30:00,0,Local
Los Angeles Lakers,New Orleans Pelicans,2016-01-12 10:30:00,1,NBATV
Golden State Warriors,Los Angeles Lakers,2016-01-14 10:30:00,1,TNT
Utah Jazz,Los Angeles Lakers,2016-01-16 09:00:00,0,Local
Los Angeles Lakers,Houston Rockets,2016-01-17 09:30:00,1,NBATV
Los Angeles Lakers,Sacramento Kings,2016-01-20 10:30:00,0,Local
Los Angeles Lakers,San Antonio Spurs,2016-01-22 10:30:00,0,Local
Portland Trail Blazers,Los Angeles Lakers,2016-01-23 10:30:00,0,Local
Los Angeles Lakers,Dallas Mavericks,2016-01-26 10:30:00,1,NBATV
Los Angeles Lakers,Chicago Bulls,2016-01-28 10:30:00,1,TNT
Los Angeles Clippers,Los Angeles Lakers,2016-01-29 10:30:00,1,NBATV
Los Angeles Lakers,Charlotte Hornets,2016-01-31 09:30:00,0,Local
Los Angeles Lakers,Minnesota Timberwolves,2016-02-02 10:30:00,1,NBATV
New Orleans Pelicans,Los Angeles Lakers,2016-02-04 08:00:00,1,TNT
San Antonio Spurs,Los Angeles Lakers,2016-02-06 08:30:00,0,Local
Indiana Pacers,Los Angeles Lakers,2016-02-08 07:00:00,0,Local
Cleveland Cavaliers,Los Angeles Lakers,2016-02-10 08:00:00,1,ESPN
Los Angeles Lakers,San Antonio Spurs,2016-02-19 10:30:00,0,Local
Chicago Bulls,Los Angeles Lakers,2016-02-21 08:00:00,1,ESPN
Milwaukee Bucks,Los Angeles Lakers,2016-02-22 08:00:00,0,Local
Memphis Grizzlies,Los Angeles Lakers,2016-02-24 08:00:00,0,Local
Los Angeles Lakers,Memphis Grizzlies,2016-02-26 10:30:00,1,ESPN
Los Angeles Lakers,Brooklyn Nets,2016-03-01 10:30:00,0,Local
Denver Nuggets,Los Angeles Lakers,2016-03-02 09:00:00,0,Local
Los Angeles Lakers,Atlanta Hawks,2016-03-04 10:30:00,1,ESPN
Los Angeles Lakers,Golden State Warriors,2016-03-06 03:30:00,1,ESPN
Los Angeles Lakers,Orlando Magic,2016-03-08 10:30:00,0,Local
Los Angeles Lakers,Cleveland Cavaliers,2016-03-10 10:30:00,1,TNT
Los Angeles Lakers,New York Knicks,2016-03-13 09:30:00,0,Local
Los Angeles Lakers,Sacramento Kings,2016-03-15 10:30:00,0,Local
Los Angeles Lakers,Phoenix Suns,2016-03-18 10:30:00,0,Local
Los Angeles Lakers,Memphis Grizzlies,2016-03-22 10:30:00,1,TNT
Phoenix Suns,Los Angeles Lakers,2016-03-23 10:00:00,0,Local
Los Angeles Lakers,Denver Nuggets,2016-03-25 10:30:00,0,Local
Los Angeles Lakers,Washington Wizards,2016-03-27 09:30:00,0,Local
Utah Jazz,Los Angeles Lakers,2016-03-28 09:00:00,0,Local
Los Angeles Lakers,Miami Heat,2016-03-30 10:30:00,1,NBATV
Los Angeles Lakers,Boston Celtics,2016-04-03 09:30:00,0,Local
Los Angeles Clippers,Los Angeles Lakers,2016-04-05 10:30:00,1,TNT
Los Angeles Lakers,Los Angeles Clippers,2016-04-06 10:30:00,0,Local
New Orleans Pelicans,Los Angeles Lakers,2016-04-08 08:00:00,0,Local
Houston Rockets,Los Angeles Lakers,2016-04-10 03:30:00,0,Local
Oklahoma City Thunder,Los Angeles Lakers,2016-04-11 08:00:00,0,Local
Los Angeles Lakers,Utah Jazz,2016-04-13 10:30:00,1,ESPN
Brooklyn Nets,Chicago Bulls,2015-10-28 07:30:00,0,Local
San Antonio Spurs,Brooklyn Nets,2015-10-30 08:30:00,0,Local
Memphis Grizzlies,Brooklyn Nets,2015-10-31 08:00:00,0,Local
Brooklyn Nets,Milwaukee Bucks,2015-11-02 07:30:00,0,Local
Atlanta Hawks,Brooklyn Nets,2015-11-04 08:00:00,0,Local
Milwaukee Bucks,Brooklyn Nets,2015-11-07 08:30:00,0,Local
Houston Rockets,Brooklyn Nets,2015-11-11 08:00:00,0,Local
Sacramento Kings,Brooklyn Nets,2015-11-13 10:00:00,1,NBATV
Golden State Warriors,Brooklyn Nets,2015-11-14 10:30:00,0,Local
Brooklyn Nets,Atlanta Hawks,2015-11-17 07:30:00,0,Local
Charlotte Hornets,Brooklyn Nets,2015-11-18 07:00:00,0,Local
Boston Celtics,Brooklyn Nets,2015-11-20 07:30:00,0,Local
Brooklyn Nets,Boston Celtics,2015-11-22 06:00:00,0,Local
Oklahoma City Thunder,Brooklyn Nets,2015-11-25 08:00:00,0,Local
Cleveland Cavaliers,Brooklyn Nets,2015-11-28 07:30:00,0,Local
Brooklyn Nets,Detroit Pistons,2015-11-29 06:00:00,0,Local
Brooklyn Nets,Phoenix Suns,2015-12-01 07:30:00,0,Local
New York Knicks,Brooklyn Nets,2015-12-04 07:00:00,1,ESPN
Brooklyn Nets,Golden State Warriors,2015-12-06 06:00:00,0,Local
Brooklyn Nets,Houston Rockets,2015-12-08 07:30:00,0,Local
Brooklyn Nets,Philadelphia 76Ers,2015-12-10 07:30:00,0,Local
Brooklyn Nets,Los Angeles Clippers,2015-12-12 05:00:00,0,Local
Brooklyn Nets,Orlando Magic,2015-12-14 07:30:00,0,Local
Brooklyn Nets,Miami Heat,2015-12-16 07:30:00,0,Local
Indiana Pacers,Brooklyn Nets,2015-12-18 07:00:00,0,Local
Brooklyn Nets,Minnesota Timberwolves,2015-12-20 01:00:00,0,Local
Chicago Bulls,Brooklyn Nets,2015-12-21 08:00:00,0,Local
Brooklyn Nets,Dallas Mavericks,2015-12-23 07:30:00,0,Local
Brooklyn Nets,Washington Wizards,2015-12-26 04:00:00,0,Local
Miami Heat,Brooklyn Nets,2015-12-28 07:30:00,0,Local
Orlando Magic,Brooklyn Nets,2015-12-30 07:00:00,0,Local
Boston Celtics,Brooklyn Nets,2016-01-02 03:00:00,0,Local
Brooklyn Nets,Boston Celtics,2016-01-04 07:30:00,0,Local
Brooklyn Nets,Toronto Raptors,2016-01-06 07:30:00,0,Local
Brooklyn Nets,Orlando Magic,2016-01-08 07:30:00,0,Local
Detroit Pistons,Brooklyn Nets,2016-01-09 07:30:00,0,Local
Brooklyn Nets,San Antonio Spurs,2016-01-11 07:30:00,0,Local
Brooklyn Nets,New York Knicks,2016-01-13 07:30:00,0,Local
Brooklyn Nets,Portland Trail Blazers,2016-01-15 07:30:00,0,Local
Atlanta Hawks,Brooklyn Nets,2016-01-16 07:30:00,0,Local
Toronto Raptors,Brooklyn Nets,2016-01-18 07:30:00,0,Local
Brooklyn Nets,Cleveland Cavaliers,2016-01-20 07:30:00,0,Local
Brooklyn Nets,Utah Jazz,2016-01-22 07:30:00,0,Local
Brooklyn Nets,Oklahoma City Thunder,2016-01-24 03:30:00,0,Local
Brooklyn Nets,Miami Heat,2016-01-26 07:30:00,0,Local
Dallas Mavericks,Brooklyn Nets,2016-01-29 08:30:00,0,Local
New Orleans Pelicans,Brooklyn Nets,2016-01-30 07:00:00,0,Local
Brooklyn Nets,Detroit Pistons,2016-02-01 07:30:00,1,NBATV
Brooklyn Nets,Indiana Pacers,2016-02-03 07:30:00,0,Local
Brooklyn Nets,Sacramento Kings,2016-02-05 07:30:00,0,Local
Philadelphia 76Ers,Brooklyn Nets,2016-02-06 07:30:00,0,Local
Brooklyn Nets,Denver Nuggets,2016-02-08 07:30:00,0,Local
Brooklyn Nets,Memphis Grizzlies,2016-02-10 07:30:00,0,Local
Brooklyn Nets,New York Knicks,2016-02-19 07:30:00,0,Local
Brooklyn Nets,Charlotte Hornets,2016-02-21 06:00:00,0,Local
Portland Trail Blazers,Brooklyn Nets,2016-02-23 10:00:00,1,NBATV
Phoenix Suns,Brooklyn Nets,2016-02-25 09:00:00,0,Local
Utah Jazz,Brooklyn Nets,2016-02-27 09:30:00,0,Local
Los Angeles Clippers,Brooklyn Nets,2016-02-29 10:30:00,0,Local
Denver Nuggets,Brooklyn Nets,2016-03-04 09:00:00,0,Local
Minnesota Timberwolves,Brooklyn Nets,2016-03-05 08:00:00,0,Local
Toronto Raptors,Brooklyn Nets,2016-03-08 07:30:00,0,Local
Philadelphia 76Ers,Brooklyn Nets,2016-03-11 07:00:00,0,Local
Brooklyn Nets,Milwaukee Bucks,2016-03-13 08:00:00,0,Local
Brooklyn Nets,Philadelphia 76Ers,2016-03-15 07:30:00,0,Local
Chicago Bulls,Brooklyn Nets,2016-03-17 08:00:00,0,Local
Detroit Pistons,Brooklyn Nets,2016-03-19 07:00:00,0,Local
Brooklyn Nets,Charlotte Hornets,2016-03-22 07:30:00,0,Local
Brooklyn Nets,Cleveland Cavaliers,2016-03-24 07:30:00,0,Local
Brooklyn Nets,Indiana Pacers,2016-03-26 06:00:00,0,Local
Miami Heat,Brooklyn Nets,2016-03-28 07:30:00,0,Local
Orlando Magic,Brooklyn Nets,2016-03-29 07:00:00,0,Local
Cleveland Cavaliers,Brooklyn Nets,2016-03-31 07:00:00,0,Local
New York Knicks,Brooklyn Nets,2016-04-01 07:30:00,0,Local
Brooklyn Nets,New Orleans Pelicans,2016-04-03 01:00:00,0,Local
Washington Wizards,Brooklyn Nets,2016-04-06 07:00:00,0,Local
Charlotte Hornets,Brooklyn Nets,2016-04-08 07:00:00,0,Local
Indiana Pacers,Brooklyn Nets,2016-04-10 06:00:00,0,Local
Brooklyn Nets,Washington Wizards,2016-04-11 07:30:00,0,Local
Brooklyn Nets,Toronto Raptors,2016-04-13 08:00:00,0,Local
Toronto Raptors,Indiana Pacers,2015-10-28 07:30:00,0,Local
Boston Celtics,Toronto Raptors,2015-10-30 07:30:00,0,Local
Toronto Raptors,Milwaukee Bucks,2015-11-01 06:00:00,1,NBATV
Dallas Mavericks,Toronto Raptors,2015-11-03 08:30:00,0,Local
Oklahoma City Thunder,Toronto Raptors,2015-11-04 08:00:00,0,Local
Orlando Magic,Toronto Raptors,2015-11-06 07:00:00,0,Local
Miami Heat,Toronto Raptors,2015-11-08 06:00:00,0,Local
Toronto Raptors,New York Knicks,2015-11-10 07:30:00,0,Local
Philadelphia 76Ers,Toronto Raptors,2015-11-11 07:00:00,0,Local
Toronto Raptors,New Orleans Pelicans,2015-11-13 07:30:00,0,Local
Sacramento Kings,Toronto Raptors,2015-11-15 09:00:00,0,Local
Golden State Warriors,Toronto Raptors,2015-11-17 10:30:00,1,NBATV
Utah Jazz,Toronto Raptors,2015-11-18 09:00:00,0,Local
Los Angeles Clippers,Toronto Raptors,2015-11-22 03:30:00,0,Local
Toronto Raptors,Cleveland Cavaliers,2015-11-25 07:30:00,0,Local
Washington Wizards,Toronto Raptors,2015-11-28 07:00:00,0,Local
Toronto Raptors,Phoenix Suns,2015-11-29 06:00:00,0,Local
Atlanta Hawks,Toronto Raptors,2015-12-02 08:00:00,0,Local
Toronto Raptors,Denver Nuggets,2015-12-03 07:30:00,0,Local
Toronto Raptors,Golden State Warriors,2015-12-05 05:00:00,0,Local
Toronto Raptors,San Antonio Spurs,2015-12-09 07:30:00,0,Local
Toronto Raptors,Milwaukee Bucks,2015-12-11 07:30:00,0,Local
Toronto Raptors,Philadelphia 76Ers,2015-12-13 06:00:00,0,Local
Indiana Pacers,Toronto Raptors,2015-12-14 07:00:00,0,Local
Charlotte Hornets,Toronto Raptors,2015-12-17 07:00:00,0,Local
Miami Heat,Toronto Raptors,2015-12-18 07:30:00,0,Local
Toronto Raptors,Sacramento Kings,2015-12-20 06:00:00,0,Local
Toronto Raptors,Dallas Mavericks,2015-12-22 07:30:00,1,NBATV
Milwaukee Bucks,Toronto Raptors,2015-12-26 05:00:00,0,Local
Chicago Bulls,Toronto Raptors,2015-12-28 08:00:00,1,NBATV
Toronto Raptors,Washington Wizards,2015-12-30 07:30:00,1,NBATV
Toronto Raptors,Charlotte Hornets,2016-01-01 07:30:00,0,Local
Toronto Raptors,Chicago Bulls,2016-01-03 03:30:00,0,Local
Cleveland Cavaliers,Toronto Raptors,2016-01-04 07:00:00,0,Local
Washington Wizards,Toronto Raptors,2016-01-08 07:00:00,0,Local
Philadelphia 76Ers,Toronto Raptors,2016-01-09 07:30:00,0,Local
Orlando Magic,Toronto Raptors,2016-01-14 03:00:00,1,NBATV
Toronto Raptors,Boston Celtics,2016-01-20 07:30:00,0,Local
Toronto Raptors,Miami Heat,2016-01-22 08:00:00,1,ESPN
Toronto Raptors,Los Angeles Clippers,2016-01-24 06:00:00,0,Local
Toronto Raptors,Washington Wizards,2016-01-26 07:30:00,1,NBATV
Toronto Raptors,New York Knicks,2016-01-28 08:00:00,1,TNT
Toronto Raptors,Detroit Pistons,2016-01-30 06:30:00,0,Local
Denver Nuggets,Toronto Raptors,2016-02-01 09:00:00,0,Local
Phoenix Suns,Toronto Raptors,2016-02-02 09:00:00,0,Local
Portland Trail Blazers,Toronto Raptors,2016-02-04 10:00:00,0,Local
Detroit Pistons,Toronto Raptors,2016-02-08 07:30:00,0,Local
Minnesota Timberwolves,Toronto Raptors,2016-02-10 08:00:00,0,Local
Chicago Bulls,Toronto Raptors,2016-02-19 08:00:00,0,Local
Toronto Raptors,Memphis Grizzlies,2016-02-21 06:00:00,0,Local
New York Knicks,Toronto Raptors,2016-02-22 07:30:00,0,Local
Toronto Raptors,Minnesota Timberwolves,2016-02-24 07:30:00,0,Local
Toronto Raptors,Cleveland Cavaliers,2016-02-26 07:30:00,0,Local
Detroit Pistons,Toronto Raptors,2016-02-28 06:00:00,0,Local
Toronto Raptors,Utah Jazz,2016-03-02 07:30:00,0,Local
Toronto Raptors,Portland Trail Blazers,2016-03-04 07:30:00,0,Local
Toronto Raptors,Houston Rockets,2016-03-06 06:30:00,0,Local
Toronto Raptors,Atlanta Hawks,2016-03-10 07:30:00,0,Local
Toronto Raptors,Miami Heat,2016-03-12 07:00:00,0,Local
Toronto Raptors,Chicago Bulls,2016-03-14 07:30:00,0,Local
Milwaukee Bucks,Toronto Raptors,2016-03-15 08:00:00,0,Local
Indiana Pacers,Toronto Raptors,2016-03-17 07:00:00,0,Local
Toronto Raptors,Boston Celtics,2016-03-18 07:30:00,0,Local
Toronto Raptors,Orlando Magic,2016-03-20 04:30:00,0,Local
Boston Celtics,Toronto Raptors,2016-03-23 07:30:00,0,Local
Houston Rockets,Toronto Raptors,2016-03-25 08:00:00,0,Local
New Orleans Pelicans,Toronto Raptors,2016-03-26 07:00:00,0,Local
Toronto Raptors,Oklahoma City Thunder,2016-03-28 07:30:00,0,Local
Toronto Raptors,Atlanta Hawks,2016-03-30 07:30:00,1,NBATV
Memphis Grizzlies,Toronto Raptors,2016-04-01 08:00:00,0,Local
San Antonio Spurs,Toronto Raptors,2016-04-02 08:30:00,0,Local
Toronto Raptors,Charlotte Hornets,2016-04-05 07:30:00,0,Local
Atlanta Hawks,Toronto Raptors,2016-04-07 08:00:00,0,Local
Toronto Raptors,Indiana Pacers,2016-04-08 07:30:00,0,Local
New York Knicks,Toronto Raptors,2016-04-10 07:30:00,0,Local
Toronto Raptors,Philadelphia 76Ers,2016-04-12 07:30:00,0,Local
Boston Celtics,Philadelphia 76Ers,2015-10-28 07:30:00,0,Local
Boston Celtics,San Antonio Spurs,2015-11-01 03:30:00,0,Local
Indiana Pacers,Boston Celtics,2015-11-04 07:00:00,0,Local
Boston Celtics,Washington Wizards,2015-11-06 07:30:00,0,Local
Milwaukee Bucks,Boston Celtics,2015-11-10 08:00:00,0,Local
Boston Celtics,Indiana Pacers,2015-11-11 07:30:00,0,Local
Boston Celtics,Atlanta Hawks,2015-11-13 07:30:00,0,Local
Oklahoma City Thunder,Boston Celtics,2015-11-15 07:00:00,0,Local
Houston Rockets,Boston Celtics,2015-11-16 08:00:00,0,Local
Boston Celtics,Dallas Mavericks,2015-11-18 07:30:00,0,Local
Atlanta Hawks,Boston Celtics,2015-11-24 08:00:00,1,TNT
Boston Celtics,Philadelphia 76Ers,2015-11-25 07:30:00,0,Local
Boston Celtics,Washington Wizards,2015-11-27 07:30:00,0,Local
Orlando Magic,Boston Celtics,2015-11-29 06:00:00,0,Local
Miami Heat,Boston Celtics,2015-11-30 07:30:00,0,Local
Sacramento Kings,Boston Celtics,2015-12-03 10:00:00,0,Local
San Antonio Spurs,Boston Celtics,2015-12-05 08:30:00,0,Local
New Orleans Pelicans,Boston Celtics,2015-12-07 08:00:00,0,Local
Boston Celtics,Chicago Bulls,2015-12-09 07:00:00,1,ESPN
Boston Celtics,Golden State Warriors,2015-12-11 07:30:00,0,Local
Charlotte Hornets,Boston Celtics,2015-12-12 07:00:00,0,Local
Boston Celtics,Cleveland Cavaliers,2015-12-15 07:30:00,0,Local
Detroit Pistons,Boston Celtics,2015-12-16 07:30:00,0,Local
Boston Celtics,Atlanta Hawks,2015-12-18 07:30:00,0,Local
Boston Celtics,Minnesota Timberwolves,2015-12-21 07:30:00,0,Local
Charlotte Hornets,Boston Celtics,2015-12-23 07:00:00,0,Local
Detroit Pistons,Boston Celtics,2015-12-26 07:30:00,0,Local
Boston Celtics,New York Knicks,2015-12-27 07:00:00,1,NBATV
Boston Celtics,Detroit Pistons,2016-01-06 07:30:00,0,Local
Chicago Bulls,Boston Celtics,2016-01-07 08:00:00,1,TNT
Memphis Grizzlies,Boston Celtics,2016-01-10 06:00:00,0,Local
New York Knicks,Boston Celtics,2016-01-12 07:30:00,0,Local
Boston Celtics,Indiana Pacers,2016-01-13 08:00:00,1,ESPN
Boston Celtics,Phoenix Suns,2016-01-15 07:30:00,0,Local
Washington Wizards,Boston Celtics,2016-01-16 07:00:00,0,Local
Dallas Mavericks,Boston Celtics,2016-01-18 08:30:00,0,Local
Boston Celtics,Chicago Bulls,2016-01-22 07:30:00,0,Local
Philadelphia 76Ers,Boston Celtics,2016-01-23 07:00:00,0,Local
Washington Wizards,Boston Celtics,2016-01-25 07:00:00,0,Local
Boston Celtics,Denver Nuggets,2016-01-27 07:30:00,0,Local
Boston Celtics,Orlando Magic,2016-01-29 07:30:00,0,Local
Orlando Magic,Boston Celtics,2016-01-31 06:00:00,1,NBATV
New York Knicks,Boston Celtics,2016-02-02 07:30:00,0,Local
Boston Celtics,Detroit Pistons,2016-02-03 07:30:00,0,Local
Cleveland Cavaliers,Boston Celtics,2016-02-05 07:30:00,0,Local
Boston Celtics,Sacramento Kings,2016-02-07 01:00:00,0,Local
Milwaukee Bucks,Boston Celtics,2016-02-09 08:00:00,0,Local
Boston Celtics,Los Angeles Clippers,2016-02-10 07:30:00,0,Local
Utah Jazz,Boston Celtics,2016-02-19 10:30:00,1,ESPN
Denver Nuggets,Boston Celtics,2016-02-21 05:00:00,0,Local
Minnesota Timberwolves,Boston Celtics,2016-02-22 08:00:00,0,Local
Boston Celtics,Milwaukee Bucks,2016-02-25 07:30:00,0,Local
Boston Celtics,Miami Heat,2016-02-27 03:00:00,0,Local
Boston Celtics,Utah Jazz,2016-02-29 07:30:00,0,Local
Boston Celtics,Portland Trail Blazers,2016-03-02 07:30:00,0,Local
Boston Celtics,New York Knicks,2016-03-04 07:30:00,0,Local
Cleveland Cavaliers,Boston Celtics,2016-03-05 07:00:00,0,Local
Boston Celtics,Memphis Grizzlies,2016-03-09 07:30:00,0,Local
Boston Celtics,Houston Rockets,2016-03-11 07:30:00,0,Local
Indiana Pacers,Boston Celtics,2016-03-15 07:00:00,0,Local
Boston Celtics,Oklahoma City Thunder,2016-03-16 07:00:00,1,ESPN
Philadelphia 76Ers,Boston Celtics,2016-03-20 06:00:00,0,Local
Boston Celtics,Orlando Magic,2016-03-21 07:30:00,0,Local
Phoenix Suns,Boston Celtics,2016-03-26 10:00:00,0,Local
Los Angeles Clippers,Boston Celtics,2016-03-28 10:30:00,1,NBATV
Portland Trail Blazers,Boston Celtics,2016-03-31 10:00:00,0,Local
Golden State Warriors,Boston Celtics,2016-04-01 10:30:00,1,ESPN
Boston Celtics,New Orleans Pelicans,2016-04-06 07:30:00,0,Local
Boston Celtics,Milwaukee Bucks,2016-04-08 07:30:00,0,Local
Atlanta Hawks,Boston Celtics,2016-04-09 07:30:00,0,Local
Boston Celtics,Charlotte Hornets,2016-04-11 07:30:00,0,Local
Boston Celtics,Miami Heat,2016-04-13 08:00:00,0,Local
Philadelphia 76Ers,Utah Jazz,2015-10-30 07:00:00,0,Local
Philadelphia 76Ers,Cleveland Cavaliers,2015-11-02 07:00:00,0,Local
Milwaukee Bucks,Philadelphia 76Ers,2015-11-04 08:00:00,0,Local
Cleveland Cavaliers,Philadelphia 76Ers,2015-11-06 07:30:00,0,Local
Philadelphia 76Ers,Orlando Magic,2015-11-07 07:00:00,0,Local
Philadelphia 76Ers,Chicago Bulls,2015-11-09 07:00:00,1,NBATV
Oklahoma City Thunder,Philadelphia 76Ers,2015-11-13 08:00:00,0,Local
San Antonio Spurs,Philadelphia 76Ers,2015-11-14 08:30:00,0,Local
Philadelphia 76Ers,Dallas Mavericks,2015-11-16 07:00:00,0,Local
Philadelphia 76Ers,Indiana Pacers,2015-11-18 07:00:00,0,Local
Charlotte Hornets,Philadelphia 76Ers,2015-11-20 07:00:00,0,Local
Miami Heat,Philadelphia 76Ers,2015-11-21 07:30:00,0,Local
Minnesota Timberwolves,Philadelphia 76Ers,2015-11-23 08:00:00,0,Local
Houston Rockets,Philadelphia 76Ers,2015-11-27 08:00:00,0,Local
Memphis Grizzlies,Philadelphia 76Ers,2015-11-29 06:00:00,1,NBATV
New York Knicks,Philadelphia 76Ers,2015-12-02 07:30:00,0,Local
Philadelphia 76Ers,Denver Nuggets,2015-12-05 01:00:00,0,Local
Philadelphia 76Ers,San Antonio Spurs,2015-12-07 07:00:00,0,Local
Philadelphia 76Ers,Detroit Pistons,2015-12-11 07:00:00,0,Local
Chicago Bulls,Philadelphia 76Ers,2015-12-14 08:00:00,0,Local
Atlanta Hawks,Philadelphia 76Ers,2015-12-16 08:00:00,0,Local
Philadelphia 76Ers,New York Knicks,2015-12-18 07:00:00,0,Local
Cleveland Cavaliers,Philadelphia 76Ers,2015-12-20 03:30:00,0,Local
Philadelphia 76Ers,Memphis Grizzlies,2015-12-22 07:00:00,0,Local
Milwaukee Bucks,Philadelphia 76Ers,2015-12-23 08:00:00,0,Local
Phoenix Suns,Philadelphia 76Ers,2015-12-26 09:00:00,0,Local
Utah Jazz,Philadelphia 76Ers,2015-12-28 09:00:00,0,Local
Sacramento Kings,Philadelphia 76Ers,2015-12-30 10:00:00,0,Local
Los Angeles Clippers,Philadelphia 76Ers,2016-01-02 10:30:00,0,Local
Philadelphia 76Ers,Minnesota Timberwolves,2016-01-04 07:00:00,0,Local
Philadelphia 76Ers,Atlanta Hawks,2016-01-07 07:00:00,0,Local
Philadelphia 76Ers,Cleveland Cavaliers,2016-01-10 06:00:00,0,Local
Philadelphia 76Ers,Chicago Bulls,2016-01-14 07:00:00,0,Local
Philadelphia 76Ers,Portland Trail Blazers,2016-01-16 07:30:00,0,Local
New York Knicks,Philadelphia 76Ers,2016-01-18 01:00:00,0,Local
Orlando Magic,Philadelphia 76Ers,2016-01-20 07:00:00,0,Local
Philadelphia 76Ers,Phoenix Suns,2016-01-26 07:00:00,0,Local
Detroit Pistons,Philadelphia 76Ers,2016-01-27 07:30:00,0,Local
Philadelphia 76Ers,Golden State Warriors,2016-01-30 05:00:00,0,Local
Philadelphia 76Ers,Atlanta Hawks,2016-02-03 07:00:00,0,Local
Washington Wizards,Philadelphia 76Ers,2016-02-05 07:00:00,0,Local
Philadelphia 76Ers,Los Angeles Clippers,2016-02-08 07:00:00,0,Local
Philadelphia 76Ers,Sacramento Kings,2016-02-10 07:00:00,0,Local
New Orleans Pelicans,Philadelphia 76Ers,2016-02-19 08:00:00,0,Local
Dallas Mavericks,Philadelphia 76Ers,2016-02-21 07:00:00,0,Local
Philadelphia 76Ers,Orlando Magic,2016-02-23 07:00:00,0,Local
Detroit Pistons,Philadelphia 76Ers,2016-02-24 07:30:00,0,Local
Philadelphia 76Ers,Washington Wizards,2016-02-26 07:00:00,0,Local
Orlando Magic,Philadelphia 76Ers,2016-02-28 06:00:00,0,Local
Washington Wizards,Philadelphia 76Ers,2016-02-29 07:00:00,0,Local
Philadelphia 76Ers,Charlotte Hornets,2016-03-02 07:00:00,0,Local
Philadelphia 76Ers,Miami Heat,2016-03-04 07:00:00,0,Local
Miami Heat,Philadelphia 76Ers,2016-03-06 06:00:00,0,Local
Philadelphia 76Ers,Houston Rockets,2016-03-09 07:00:00,0,Local
Philadelphia 76Ers,Detroit Pistons,2016-03-12 07:00:00,0,Local
Philadelphia 76Ers,Washington Wizards,2016-03-17 07:00:00,0,Local
Philadelphia 76Ers,Oklahoma City Thunder,2016-03-18 07:00:00,0,Local
Indiana Pacers,Philadelphia 76Ers,2016-03-21 07:00:00,0,Local
Denver Nuggets,Philadelphia 76Ers,2016-03-23 09:00:00,0,Local
Portland Trail Blazers,Philadelphia 76Ers,2016-03-26 10:00:00,0,Local
Golden State Warriors,Philadelphia 76Ers,2016-03-27 08:00:00,0,Local
Philadelphia 76Ers,Charlotte Hornets,2016-03-29 07:00:00,0,Local
Charlotte Hornets,Philadelphia 76Ers,2016-04-01 07:00:00,0,Local
Philadelphia 76Ers,Indiana Pacers,2016-04-02 07:30:00,0,Local
Philadelphia 76Ers,New Orleans Pelicans,2016-04-05 07:00:00,0,Local
Philadelphia 76Ers,New York Knicks,2016-04-08 07:00:00,0,Local
Philadelphia 76Ers,Milwaukee Bucks,2016-04-10 05:00:00,0,Local
Chicago Bulls,Philadelphia 76Ers,2016-04-13 08:00:00,0,Local
Milwaukee Bucks,New York Knicks,2015-10-28 08:00:00,0,Local
New York Knicks,Atlanta Hawks,2015-10-29 08:00:00,1,TNT
Washington Wizards,New York Knicks,2015-10-31 07:00:00,0,Local
New York Knicks,San Antonio Spurs,2015-11-02 07:30:00,0,Local
Cleveland Cavaliers,New York Knicks,2015-11-04 08:00:00,1,ESPN
New York Knicks,Milwaukee Bucks,2015-11-06 07:30:00,0,Local
Charlotte Hornets,New York Knicks,2015-11-11 07:00:00,0,Local
New York Knicks,Cleveland Cavaliers,2015-11-13 07:30:00,1,NBATV
New York Knicks,New Orleans Pelicans,2015-11-15 12:00:00,0,Local
New York Knicks,Charlotte Hornets,2015-11-17 07:30:00,0,Local
Oklahoma City Thunder,New York Knicks,2015-11-20 08:00:00,0,Local
Houston Rockets,New York Knicks,2015-11-21 08:00:00,0,Local
Miami Heat,New York Knicks,2015-11-23 07:30:00,1,NBATV
Orlando Magic,New York Knicks,2015-11-25 07:00:00,0,Local
New York Knicks,Miami Heat,2015-11-27 07:30:00,1,NBATV
New York Knicks,Houston Rockets,2015-11-29 07:30:00,0,Local
Milwaukee Bucks,New York Knicks,2015-12-05 08:30:00,0,Local
New York Knicks,Dallas Mavericks,2015-12-07 07:30:00,1,NBATV
Utah Jazz,New York Knicks,2015-12-09 09:00:00,0,Local
Sacramento Kings,New York Knicks,2015-12-10 10:30:00,1,TNT
Portland Trail Blazers,New York Knicks,2015-12-12 10:00:00,0,Local
New York Knicks,Minnesota Timberwolves,2015-12-16 07:30:00,0,Local
New York Knicks,Chicago Bulls,2015-12-19 07:30:00,0,Local
New York Knicks,Orlando Magic,2015-12-21 07:30:00,1,NBATV
Cleveland Cavaliers,New York Knicks,2015-12-23 07:00:00,1,NBATV
Atlanta Hawks,New York Knicks,2015-12-26 07:30:00,0,Local
New York Knicks,Detroit Pistons,2015-12-29 07:30:00,0,Local
Chicago Bulls,New York Knicks,2016-01-01 08:00:00,0,Local
New York Knicks,Atlanta Hawks,2016-01-03 03:30:00,0,Local
Atlanta Hawks,New York Knicks,2016-01-05 08:00:00,0,Local
Miami Heat,New York Knicks,2016-01-06 07:00:00,1,ESPN
San Antonio Spurs,New York Knicks,2016-01-08 08:30:00,0,Local
New York Knicks,Milwaukee Bucks,2016-01-10 07:30:00,0,Local
Memphis Grizzlies,New York Knicks,2016-01-16 08:00:00,0,Local
New York Knicks,Utah Jazz,2016-01-20 07:30:00,0,Local
New York Knicks,Los Angeles Clippers,2016-01-22 07:30:00,0,Local
Charlotte Hornets,New York Knicks,2016-01-23 07:00:00,0,Local
New York Knicks,Oklahoma City Thunder,2016-01-26 07:30:00,0,Local
New York Knicks,Phoenix Suns,2016-01-29 07:30:00,0,Local
New York Knicks,Golden State Warriors,2016-01-31 07:30:00,0,Local
Detroit Pistons,New York Knicks,2016-02-04 07:30:00,0,Local
New York Knicks,Memphis Grizzlies,2016-02-05 07:30:00,0,Local
New York Knicks,Denver Nuggets,2016-02-07 01:00:00,0,Local
New York Knicks,Washington Wizards,2016-02-09 08:00:00,1,TNT
Minnesota Timberwolves,New York Knicks,2016-02-20 08:00:00,0,Local
Indiana Pacers,New York Knicks,2016-02-24 07:00:00,0,Local
New York Knicks,Orlando Magic,2016-02-26 07:30:00,0,Local
New York Knicks,Miami Heat,2016-02-28 07:30:00,0,Local
New York Knicks,Portland Trail Blazers,2016-03-01 07:30:00,0,Local
New York Knicks,Detroit Pistons,2016-03-05 07:00:00,0,Local
Denver Nuggets,New York Knicks,2016-03-08 09:00:00,0,Local
Phoenix Suns,New York Knicks,2016-03-09 10:00:00,0,Local
Los Angeles Clippers,New York Knicks,2016-03-11 10:30:00,1,NBATV
Golden State Warriors,New York Knicks,2016-03-16 10:30:00,0,Local
Washington Wizards,New York Knicks,2016-03-19 07:00:00,0,Local
New York Knicks,Sacramento Kings,2016-03-20 07:30:00,1,NBATV
Chicago Bulls,New York Knicks,2016-03-23 08:00:00,0,Local
New York Knicks,Chicago Bulls,2016-03-24 07:30:00,0,Local
New York Knicks,Cleveland Cavaliers,2016-03-26 07:30:00,0,Local
New Orleans Pelicans,New York Knicks,2016-03-28 08:00:00,0,Local
Dallas Mavericks,New York Knicks,2016-03-30 08:30:00,0,Local
New York Knicks,Indiana Pacers,2016-04-03 07:30:00,0,Local
New York Knicks,Charlotte Hornets,2016-04-06 07:30:00,0,Local
Indiana Pacers,New York Knicks,2016-04-12 07:00:00,0,Local
Golden State Warriors,New Orleans Pelicans,2015-10-27 10:30:00,1,TNT
Houston Rockets,Golden State Warriors,2015-10-30 09:30:00,1,ESPN
New Orleans Pelicans,Golden State Warriors,2015-10-31 07:30:00,1,NBATV
Golden State Warriors,Memphis Grizzlies,2015-11-02 10:30:00,1,NBATV
Golden State Warriors,Los Angeles Clippers,2015-11-04 10:30:00,1,ESPN
Golden State Warriors,Denver Nuggets,2015-11-06 10:30:00,0,Local
Sacramento Kings,Golden State Warriors,2015-11-07 10:00:00,0,Local
Golden State Warriors,Detroit Pistons,2015-11-09 10:30:00,0,Local
Memphis Grizzlies,Golden State Warriors,2015-11-11 08:00:00,0,Local
Minnesota Timberwolves,Golden State Warriors,2015-11-12 08:00:00,1,TNT
Los Angeles Clippers,Golden State Warriors,2015-11-19 10:30:00,1,TNT
Golden State Warriors,Chicago Bulls,2015-11-20 10:30:00,1,ESPN
Denver Nuggets,Golden State Warriors,2015-11-22 08:00:00,0,Local
Phoenix Suns,Golden State Warriors,2015-11-27 09:30:00,0,Local
Golden State Warriors,Sacramento Kings,2015-11-28 10:30:00,0,Local
Utah Jazz,Golden State Warriors,2015-11-30 09:00:00,0,Local
Charlotte Hornets,Golden State Warriors,2015-12-02 07:00:00,0,Local
Indiana Pacers,Golden State Warriors,2015-12-08 07:00:00,0,Local
Milwaukee Bucks,Golden State Warriors,2015-12-12 08:30:00,0,Local
Golden State Warriors,Phoenix Suns,2015-12-16 10:30:00,0,Local
Golden State Warriors,Milwaukee Bucks,2015-12-18 10:30:00,0,Local
Golden State Warriors,Utah Jazz,2015-12-23 10:30:00,0,Local
Golden State Warriors,Cleveland Cavaliers,2015-12-25 05:00:00,1,ESPN
Golden State Warriors,Sacramento Kings,2015-12-28 10:30:00,0,Local
Dallas Mavericks,Golden State Warriors,2015-12-30 08:30:00,0,Local
Houston Rockets,Golden State Warriors,2015-12-31 07:00:00,0,Local
Golden State Warriors,Denver Nuggets,2016-01-02 10:30:00,0,Local
Golden State Warriors,Charlotte Hornets,2016-01-04 10:30:00,0,Local
Portland Trail Blazers,Golden State Warriors,2016-01-08 10:00:00,0,Local
Sacramento Kings,Golden State Warriors,2016-01-09 10:00:00,0,Local
Golden State Warriors,Miami Heat,2016-01-11 10:30:00,0,Local
Denver Nuggets,Golden State Warriors,2016-01-13 09:00:00,0,Local
Detroit Pistons,Golden State Warriors,2016-01-16 07:30:00,0,Local
Cleveland Cavaliers,Golden State Warriors,2016-01-18 08:00:00,1,TNT
Chicago Bulls,Golden State Warriors,2016-01-20 08:00:00,1,ESPN
Golden State Warriors,Indiana Pacers,2016-01-22 10:30:00,1,ESPN
Golden State Warriors,San Antonio Spurs,2016-01-25 10:30:00,1,NBATV
Golden State Warriors,Dallas Mavericks,2016-01-27 10:30:00,1,ESPN
Washington Wizards,Golden State Warriors,2016-02-03 08:00:00,1,ESPN
Golden State Warriors,Oklahoma City Thunder,2016-02-06 09:00:00,1,ESPN
Golden State Warriors,Houston Rockets,2016-02-09 10:30:00,1,TNT
Phoenix Suns,Golden State Warriors,2016-02-10 09:00:00,0,Local
Portland Trail Blazers,Golden State Warriors,2016-02-19 10:00:00,0,Local
Los Angeles Clippers,Golden State Warriors,2016-02-20 08:30:00,1,ESPN
Atlanta Hawks,Golden State Warriors,2016-02-22 08:00:00,1,NBATV
Miami Heat,Golden State Warriors,2016-02-24 07:30:00,0,Local
Orlando Magic,Golden State Warriors,2016-02-25 07:00:00,0,Local
Oklahoma City Thunder,Golden State Warriors,2016-02-27 08:30:00,1,ESPN
Golden State Warriors,Atlanta Hawks,2016-03-01 10:30:00,1,NBATV
Golden State Warriors,Oklahoma City Thunder,2016-03-03 10:30:00,1,TNT
Golden State Warriors,Orlando Magic,2016-03-07 10:30:00,0,Local
Golden State Warriors,Utah Jazz,2016-03-09 10:30:00,0,Local
Golden State Warriors,Portland Trail Blazers,2016-03-11 10:30:00,0,Local
Golden State Warriors,Phoenix Suns,2016-03-12 10:30:00,0,Local
Golden State Warriors,New Orleans Pelicans,2016-03-14 10:30:00,1,ESPN
Dallas Mavericks,Golden State Warriors,2016-03-18 08:30:00,0,Local
San Antonio Spurs,Golden State Warriors,2016-03-19 08:30:00,1,ESPN
Minnesota Timberwolves,Golden State Warriors,2016-03-21 08:00:00,0,Local
Golden State Warriors,Los Angeles Clippers,2016-03-23 10:30:00,0,Local
Golden State Warriors,Dallas Mavericks,2016-03-25 10:30:00,0,Local
Golden State Warriors,Washington Wizards,2016-03-29 10:30:00,1,TNT
Utah Jazz,Golden State Warriors,2016-03-30 09:00:00,0,Local
Golden State Warriors,Portland Trail Blazers,2016-04-03 08:00:00,1,NBATV
Golden State Warriors,Minnesota Timberwolves,2016-04-05 10:30:00,0,Local
Golden State Warriors,San Antonio Spurs,2016-04-07 10:30:00,1,TNT
Memphis Grizzlies,Golden State Warriors,2016-04-09 08:00:00,0,Local
San Antonio Spurs,Golden State Warriors,2016-04-10 07:00:00,1,NBATV
Golden State Warriors,Memphis Grizzlies,2016-04-13 10:30:00,0,Local
Indiana Pacers,Memphis Grizzlies,2015-10-29 07:00:00,0,Local
Indiana Pacers,Utah Jazz,2015-10-31 07:00:00,0,Local
Detroit Pistons,Indiana Pacers,2015-11-03 07:30:00,0,Local
Indiana Pacers,Miami Heat,2015-11-06 08:00:00,1,ESPN
Cleveland Cavaliers,Indiana Pacers,2015-11-08 03:30:00,0,Local
Indiana Pacers,Orlando Magic,2015-11-09 07:00:00,0,Local
Indiana Pacers,Minnesota Timberwolves,2015-11-13 07:00:00,0,Local
Chicago Bulls,Indiana Pacers,2015-11-16 08:00:00,0,Local
Indiana Pacers,Milwaukee Bucks,2015-11-21 07:00:00,1,NBATV
Washington Wizards,Indiana Pacers,2015-11-24 07:00:00,0,Local
Indiana Pacers,Chicago Bulls,2015-11-27 08:00:00,0,Local
Los Angeles Clippers,Indiana Pacers,2015-12-02 10:30:00,0,Local
Portland Trail Blazers,Indiana Pacers,2015-12-03 10:00:00,0,Local
Utah Jazz,Indiana Pacers,2015-12-05 09:00:00,0,Local
Indiana Pacers,Miami Heat,2015-12-11 07:00:00,1,ESPN
Detroit Pistons,Indiana Pacers,2015-12-12 07:30:00,0,Local
Indiana Pacers,Dallas Mavericks,2015-12-16 07:00:00,0,Local
Memphis Grizzlies,Indiana Pacers,2015-12-19 08:00:00,0,Local
San Antonio Spurs,Indiana Pacers,2015-12-21 08:30:00,0,Local
Indiana Pacers,Sacramento Kings,2015-12-23 07:00:00,0,Local
Minnesota Timberwolves,Indiana Pacers,2015-12-26 08:00:00,0,Local
Indiana Pacers,Atlanta Hawks,2015-12-28 07:00:00,0,Local
Chicago Bulls,Indiana Pacers,2015-12-30 08:00:00,0,Local
Indiana Pacers,Milwaukee Bucks,2015-12-31 06:00:00,0,Local
Indiana Pacers,Detroit Pistons,2016-01-02 07:00:00,0,Local
Miami Heat,Indiana Pacers,2016-01-04 07:30:00,1,NBATV
Orlando Magic,Indiana Pacers,2016-01-06 07:00:00,0,Local
New Orleans Pelicans,Indiana Pacers,2016-01-08 08:00:00,0,Local
Houston Rockets,Indiana Pacers,2016-01-10 07:00:00,0,Local
Indiana Pacers,Phoenix Suns,2016-01-12 07:00:00,0,Local
Indiana Pacers,Washington Wizards,2016-01-15 07:00:00,0,Local
Denver Nuggets,Indiana Pacers,2016-01-17 08:00:00,0,Local
Phoenix Suns,Indiana Pacers,2016-01-19 09:00:00,0,Local
Sacramento Kings,Indiana Pacers,2016-01-23 10:30:00,0,Local
Indiana Pacers,Los Angeles Clippers,2016-01-26 07:00:00,0,Local
Indiana Pacers,Atlanta Hawks,2016-01-28 07:00:00,0,Local
Indiana Pacers,Denver Nuggets,2016-01-30 07:00:00,0,Local
Indiana Pacers,Cleveland Cavaliers,2016-02-01 07:00:00,0,Local
Atlanta Hawks,Indiana Pacers,2016-02-05 07:00:00,1,ESPN
Indiana Pacers,Detroit Pistons,2016-02-06 07:00:00,0,Local
Indiana Pacers,Charlotte Hornets,2016-02-10 07:00:00,0,Local
Oklahoma City Thunder,Indiana Pacers,2016-02-19 08:00:00,1,ESPN
Orlando Magic,Indiana Pacers,2016-02-21 06:00:00,0,Local
Miami Heat,Indiana Pacers,2016-02-22 07:30:00,0,Local
Indiana Pacers,Charlotte Hornets,2016-02-26 07:00:00,0,Local
Indiana Pacers,Portland Trail Blazers,2016-02-28 06:00:00,0,Local
Cleveland Cavaliers,Indiana Pacers,2016-02-29 07:00:00,1,NBATV
Milwaukee Bucks,Indiana Pacers,2016-03-02 08:00:00,0,Local
Charlotte Hornets,Indiana Pacers,2016-03-04 07:00:00,0,Local
Washington Wizards,Indiana Pacers,2016-03-05 07:00:00,0,Local
Indiana Pacers,San Antonio Spurs,2016-03-07 07:00:00,0,Local
Dallas Mavericks,Indiana Pacers,2016-03-12 02:00:00,0,Local
Atlanta Hawks,Indiana Pacers,2016-03-13 06:00:00,1,NBATV
Indiana Pacers,Oklahoma City Thunder,2016-03-19 07:00:00,0,Local
Indiana Pacers,New Orleans Pelicans,2016-03-24 07:00:00,1,NBATV
Indiana Pacers,Houston Rockets,2016-03-27 06:00:00,0,Local
Indiana Pacers,Chicago Bulls,2016-03-29 07:00:00,0,Local
Indiana Pacers,Orlando Magic,2016-03-31 07:00:00,0,Local
Indiana Pacers,Cleveland Cavaliers,2016-04-06 07:00:00,1,ESPN
Milwaukee Bucks,Indiana Pacers,2016-04-13 08:00:00,0,Local
Sacramento Kings,Los Angeles Clippers,2015-10-28 10:00:00,0,Local
Los Angeles Clippers,Dallas Mavericks,2015-10-29 10:30:00,1,TNT
Los Angeles Clippers,Sacramento Kings,2015-10-31 10:30:00,1,NBATV
Los Angeles Clippers,Phoenix Suns,2015-11-02 10:30:00,0,Local
Los Angeles Clippers,Houston Rockets,2015-11-07 10:30:00,0,Local
Los Angeles Clippers,Memphis Grizzlies,2015-11-09 10:30:00,0,Local
Dallas Mavericks,Los Angeles Clippers,2015-11-11 08:00:00,1,ESPN
Phoenix Suns,Los Angeles Clippers,2015-11-12 10:30:00,1,TNT
Los Angeles Clippers,Detroit Pistons,2015-11-14 03:30:00,0,Local
Portland Trail Blazers,Los Angeles Clippers,2015-11-20 10:00:00,0,Local
Denver Nuggets,Los Angeles Clippers,2015-11-24 09:00:00,0,Local
Los Angeles Clippers,Utah Jazz,2015-11-25 10:30:00,0,Local
Los Angeles Clippers,New Orleans Pelicans,2015-11-27 10:30:00,1,NBATV
Los Angeles Clippers,Minnesota Timberwolves,2015-11-29 03:30:00,0,Local
Los Angeles Clippers,Portland Trail Blazers,2015-11-30 10:30:00,0,Local
Los Angeles Clippers,Orlando Magic,2015-12-05 10:30:00,0,Local
Minnesota Timberwolves,Los Angeles Clippers,2015-12-07 08:00:00,0,Local
Milwaukee Bucks,Los Angeles Clippers,2015-12-09 08:00:00,0,Local
Chicago Bulls,Los Angeles Clippers,2015-12-10 08:00:00,1,TNT
Detroit Pistons,Los Angeles Clippers,2015-12-14 07:30:00,0,Local
Los Angeles Clippers,Milwaukee Bucks,2015-12-16 10:30:00,1,ESPN
San Antonio Spurs,Los Angeles Clippers,2015-12-18 08:00:00,1,ESPN
Houston Rockets,Los Angeles Clippers,2015-12-19 08:00:00,0,Local
Los Angeles Clippers,Oklahoma City Thunder,2015-12-21 10:30:00,1,NBATV
Utah Jazz,Los Angeles Clippers,2015-12-26 09:00:00,0,Local
Washington Wizards,Los Angeles Clippers,2015-12-28 07:00:00,0,Local
Charlotte Hornets,Los Angeles Clippers,2015-12-30 07:00:00,0,Local
New Orleans Pelicans,Los Angeles Clippers,2015-12-31 08:00:00,0,Local
Portland Trail Blazers,Los Angeles Clippers,2016-01-06 10:00:00,0,Local
Los Angeles Clippers,Charlotte Hornets,2016-01-09 03:30:00,0,Local
Los Angeles Clippers,New Orleans Pelicans,2016-01-10 03:30:00,0,Local
Los Angeles Clippers,Miami Heat,2016-01-13 10:30:00,1,ESPN
Los Angeles Clippers,Sacramento Kings,2016-01-16 10:30:00,0,Local
Los Angeles Clippers,Houston Rockets,2016-01-18 10:30:00,1,TNT
Cleveland Cavaliers,Los Angeles Clippers,2016-01-21 08:00:00,1,TNT
Atlanta Hawks,Los Angeles Clippers,2016-01-27 08:00:00,0,Local
Los Angeles Clippers,Chicago Bulls,2016-01-31 03:30:00,1,ESPN
Los Angeles Clippers,Minnesota Timberwolves,2016-02-03 10:30:00,1,ESPN
Orlando Magic,Los Angeles Clippers,2016-02-05 07:00:00,0,Local
Miami Heat,Los Angeles Clippers,2016-02-07 02:00:00,1,ESPN
Los Angeles Clippers,San Antonio Spurs,2016-02-18 10:30:00,1,TNT
Los Angeles Clippers,Phoenix Suns,2016-02-22 10:30:00,1,NBATV
Los Angeles Clippers,Denver Nuggets,2016-02-24 10:30:00,0,Local
Sacramento Kings,Los Angeles Clippers,2016-02-26 10:00:00,0,Local
Los Angeles Clippers,Oklahoma City Thunder,2016-03-02 10:30:00,1,ESPN
Los Angeles Clippers,Atlanta Hawks,2016-03-05 10:30:00,0,Local
Dallas Mavericks,Los Angeles Clippers,2016-03-07 08:30:00,0,Local
Oklahoma City Thunder,Los Angeles Clippers,2016-03-09 09:30:00,1,ESPN
Los Angeles Clippers,Cleveland Cavaliers,2016-03-13 03:30:00,1,ESPN
San Antonio Spurs,Los Angeles Clippers,2016-03-15 08:30:00,1,NBATV
Houston Rockets,Los Angeles Clippers,2016-03-16 09:30:00,1,ESPN
Memphis Grizzlies,Los Angeles Clippers,2016-03-19 08:00:00,0,Local
New Orleans Pelicans,Los Angeles Clippers,2016-03-20 06:00:00,0,Local
Los Angeles Clippers,Portland Trail Blazers,2016-03-24 10:30:00,0,Local
Los Angeles Clippers,Denver Nuggets,2016-03-27 03:30:00,0,Local
Minnesota Timberwolves,Los Angeles Clippers,2016-03-30 08:00:00,0,Local
Oklahoma City Thunder,Los Angeles Clippers,2016-03-31 09:30:00,1,TNT
Los Angeles Clippers,Washington Wizards,2016-04-03 03:30:00,0,Local
Utah Jazz,Los Angeles Clippers,2016-04-08 09:00:00,0,Local
Los Angeles Clippers,Dallas Mavericks,2016-04-10 03:30:00,1,NBATV
Los Angeles Clippers,Memphis Grizzlies,2016-04-12 10:30:00,1,TNT
Phoenix Suns,Los Angeles Clippers,2016-04-13 10:30:00,0,Local
Sacramento Kings,Memphis Grizzlies,2015-11-03 10:00:00,1,NBATV
Phoenix Suns,Sacramento Kings,2015-11-04 09:00:00,0,Local
Sacramento Kings,Houston Rockets,2015-11-06 10:30:00,1,ESPN
Sacramento Kings,San Antonio Spurs,2015-11-09 10:00:00,0,Local
Sacramento Kings,Detroit Pistons,2015-11-11 10:00:00,0,Local
Atlanta Hawks,Sacramento Kings,2015-11-18 08:00:00,0,Local
Miami Heat,Sacramento Kings,2015-11-19 07:30:00,0,Local
Orlando Magic,Sacramento Kings,2015-11-21 05:00:00,0,Local
Charlotte Hornets,Sacramento Kings,2015-11-23 07:00:00,0,Local
Milwaukee Bucks,Sacramento Kings,2015-11-25 08:00:00,0,Local
Sacramento Kings,Minnesota Timberwolves,2015-11-27 10:00:00,0,Local
Sacramento Kings,Dallas Mavericks,2015-11-30 10:00:00,0,Local
Houston Rockets,Sacramento Kings,2015-12-05 08:00:00,0,Local
Oklahoma City Thunder,Sacramento Kings,2015-12-06 07:00:00,0,Local
Sacramento Kings,Utah Jazz,2015-12-08 10:00:00,1,NBATV
Sacramento Kings,Houston Rockets,2015-12-15 10:00:00,0,Local
Minnesota Timberwolves,Sacramento Kings,2015-12-18 08:00:00,0,Local
Washington Wizards,Sacramento Kings,2015-12-21 07:00:00,0,Local
Sacramento Kings,Portland Trail Blazers,2015-12-27 09:00:00,0,Local
Sacramento Kings,Phoenix Suns,2016-01-02 05:00:00,1,NBATV
Oklahoma City Thunder,Sacramento Kings,2016-01-04 08:00:00,0,Local
Dallas Mavericks,Sacramento Kings,2016-01-05 08:30:00,0,Local
Sacramento Kings,New Orleans Pelicans,2016-01-13 10:00:00,0,Local
Utah Jazz,Sacramento Kings,2016-01-14 09:00:00,0,Local
Sacramento Kings,Atlanta Hawks,2016-01-21 10:00:00,0,Local
Sacramento Kings,Charlotte Hornets,2016-01-25 10:00:00,0,Local
Portland Trail Blazers,Sacramento Kings,2016-01-26 10:00:00,0,Local
New Orleans Pelicans,Sacramento Kings,2016-01-28 08:00:00,0,Local
Memphis Grizzlies,Sacramento Kings,2016-01-30 08:00:00,0,Local
Sacramento Kings,Milwaukee Bucks,2016-02-01 10:00:00,1,NBATV
Sacramento Kings,Chicago Bulls,2016-02-03 10:00:00,0,Local
Cleveland Cavaliers,Sacramento Kings,2016-02-08 07:00:00,0,Local
Sacramento Kings,Denver Nuggets,2016-02-19 10:00:00,0,Local
Denver Nuggets,Sacramento Kings,2016-02-23 09:00:00,0,Local
Sacramento Kings,San Antonio Spurs,2016-02-24 10:30:00,1,ESPN
Sacramento Kings,Oklahoma City Thunder,2016-02-29 10:00:00,1,NBATV
Memphis Grizzlies,Sacramento Kings,2016-03-02 08:00:00,0,Local
Dallas Mavericks,Sacramento Kings,2016-03-03 08:30:00,0,Local
San Antonio Spurs,Sacramento Kings,2016-03-05 08:30:00,0,Local
New Orleans Pelicans,Sacramento Kings,2016-03-07 08:00:00,0,Local
Sacramento Kings,Cleveland Cavaliers,2016-03-09 10:00:00,0,Local
Sacramento Kings,Orlando Magic,2016-03-11 10:00:00,0,Local
Sacramento Kings,Utah Jazz,2016-03-13 06:00:00,0,Local
Sacramento Kings,New Orleans Pelicans,2016-03-16 10:00:00,0,Local
Detroit Pistons,Sacramento Kings,2016-03-18 07:30:00,0,Local
Chicago Bulls,Sacramento Kings,2016-03-21 08:00:00,0,Local
Minnesota Timberwolves,Sacramento Kings,2016-03-23 08:00:00,0,Local
Sacramento Kings,Phoenix Suns,2016-03-25 10:00:00,0,Local
Sacramento Kings,Dallas Mavericks,2016-03-27 06:00:00,0,Local
Portland Trail Blazers,Sacramento Kings,2016-03-28 10:00:00,0,Local
Sacramento Kings,Washington Wizards,2016-03-30 10:00:00,0,Local
Sacramento Kings,Miami Heat,2016-04-01 10:00:00,0,Local
Denver Nuggets,Sacramento Kings,2016-04-02 09:00:00,0,Local
Sacramento Kings,Portland Trail Blazers,2016-04-05 10:00:00,0,Local
Sacramento Kings,Minnesota Timberwolves,2016-04-07 10:00:00,0,Local
Sacramento Kings,Oklahoma City Thunder,2016-04-09 10:30:00,0,Local
Phoenix Suns,Sacramento Kings,2016-04-11 10:00:00,1,NBATV
Houston Rockets,Sacramento Kings,2016-04-13 08:00:00,0,Local
Chicago Bulls,Cleveland Cavaliers,2015-10-27 08:00:00,1,TNT
Detroit Pistons,Chicago Bulls,2015-10-30 07:30:00,0,Local
Chicago Bulls,Orlando Magic,2015-11-01 07:00:00,0,Local
Charlotte Hornets,Chicago Bulls,2015-11-03 07:00:00,0,Local
Chicago Bulls,Oklahoma City Thunder,2015-11-05 08:00:00,1,TNT
Chicago Bulls,Minnesota Timberwolves,2015-11-07 06:00:00,0,Local
Chicago Bulls,Charlotte Hornets,2015-11-13 08:00:00,0,Local
Phoenix Suns,Chicago Bulls,2015-11-18 10:30:00,1,ESPN
Portland Trail Blazers,Chicago Bulls,2015-11-24 10:00:00,0,Local
Chicago Bulls,San Antonio Spurs,2015-11-30 08:00:00,1,NBATV
Chicago Bulls,Denver Nuggets,2015-12-02 08:00:00,0,Local
Chicago Bulls,Charlotte Hornets,2015-12-05 08:00:00,0,Local
Chicago Bulls,Phoenix Suns,2015-12-07 08:00:00,0,Local
Chicago Bulls,New Orleans Pelicans,2015-12-12 08:00:00,0,Local
Chicago Bulls,Memphis Grizzlies,2015-12-16 08:00:00,1,ESPN
Chicago Bulls,Detroit Pistons,2015-12-18 08:00:00,0,Local
Oklahoma City Thunder,Chicago Bulls,2015-12-25 02:30:00,1,ESPN
Dallas Mavericks,Chicago Bulls,2015-12-26 08:30:00,0,Local
Chicago Bulls,Milwaukee Bucks,2016-01-05 08:00:00,1,NBATV
Atlanta Hawks,Chicago Bulls,2016-01-09 05:00:00,0,Local
Chicago Bulls,Washington Wizards,2016-01-11 08:00:00,0,Local
Milwaukee Bucks,Chicago Bulls,2016-01-12 08:00:00,1,NBATV
Chicago Bulls,Dallas Mavericks,2016-01-15 08:00:00,0,Local
Detroit Pistons,Chicago Bulls,2016-01-18 03:30:00,0,Local
Cleveland Cavaliers,Chicago Bulls,2016-01-23 08:30:00,1,ESPN
Chicago Bulls,Miami Heat,2016-01-25 08:00:00,0,Local
Utah Jazz,Chicago Bulls,2016-02-01 09:00:00,0,Local
Denver Nuggets,Chicago Bulls,2016-02-05 09:00:00,0,Local
Minnesota Timberwolves,Chicago Bulls,2016-02-06 08:00:00,0,Local
Charlotte Hornets,Chicago Bulls,2016-02-08 07:00:00,0,Local
Chicago Bulls,Atlanta Hawks,2016-02-10 08:00:00,0,Local
Cleveland Cavaliers,Chicago Bulls,2016-02-18 08:00:00,1,TNT
Chicago Bulls,Washington Wizards,2016-02-24 08:00:00,1,ESPN
Atlanta Hawks,Chicago Bulls,2016-02-26 08:00:00,1,ESPN
Chicago Bulls,Portland Trail Blazers,2016-02-27 08:00:00,0,Local
Miami Heat,Chicago Bulls,2016-03-01 07:30:00,1,NBATV
Orlando Magic,Chicago Bulls,2016-03-02 07:00:00,0,Local
Chicago Bulls,Houston Rockets,2016-03-05 08:30:00,1,ESPN
Chicago Bulls,Milwaukee Bucks,2016-03-07 08:00:00,0,Local
San Antonio Spurs,Chicago Bulls,2016-03-10 08:00:00,1,TNT
Chicago Bulls,Miami Heat,2016-03-11 08:00:00,1,NBATV
Washington Wizards,Chicago Bulls,2016-03-16 07:00:00,0,Local
Chicago Bulls,Utah Jazz,2016-03-19 08:00:00,0,Local
Orlando Magic,Chicago Bulls,2016-03-26 07:00:00,0,Local
Chicago Bulls,Atlanta Hawks,2016-03-28 08:00:00,1,NBATV
Houston Rockets,Chicago Bulls,2016-03-31 07:00:00,1,TNT
Chicago Bulls,Detroit Pistons,2016-04-02 08:00:00,1,NBATV
Milwaukee Bucks,Chicago Bulls,2016-04-03 07:00:00,0,Local
Memphis Grizzlies,Chicago Bulls,2016-04-05 08:00:00,1,TNT
Miami Heat,Chicago Bulls,2016-04-07 08:00:00,1,TNT
Chicago Bulls,Cleveland Cavaliers,2016-04-09 08:30:00,1,ESPN
New Orleans Pelicans,Chicago Bulls,2016-04-11 08:00:00,0,Local
Phoenix Suns,Dallas Mavericks,2015-10-28 10:00:00,0,Local
Phoenix Suns,Portland Trail Blazers,2015-10-30 10:30:00,0,Local
Portland Trail Blazers,Phoenix Suns,2015-10-31 10:00:00,0,Local
Phoenix Suns,Detroit Pistons,2015-11-06 09:30:00,0,Local
Oklahoma City Thunder,Phoenix Suns,2015-11-08 07:00:00,0,Local
Phoenix Suns,Denver Nuggets,2015-11-14 09:00:00,1,NBATV
Denver Nuggets,Phoenix Suns,2015-11-20 09:00:00,0,Local
New Orleans Pelicans,Phoenix Suns,2015-11-22 06:00:00,0,Local
San Antonio Spurs,Phoenix Suns,2015-11-23 08:30:00,0,Local
Phoenix Suns,New Orleans Pelicans,2015-11-25 09:00:00,0,Local
Detroit Pistons,Phoenix Suns,2015-12-02 07:30:00,0,Local
Washington Wizards,Phoenix Suns,2015-12-04 07:00:00,0,Local
Memphis Grizzlies,Phoenix Suns,2015-12-06 03:30:00,0,Local
Phoenix Suns,Orlando Magic,2015-12-09 09:00:00,0,Local
Phoenix Suns,Portland Trail Blazers,2015-12-11 09:30:00,0,Local
Phoenix Suns,Minnesota Timberwolves,2015-12-13 03:30:00,0,Local
Dallas Mavericks,Phoenix Suns,2015-12-14 08:30:00,1,NBATV
Phoenix Suns,New Orleans Pelicans,2015-12-18 10:30:00,1,ESPN
Phoenix Suns,Milwaukee Bucks,2015-12-20 05:00:00,0,Local
Utah Jazz,Phoenix Suns,2015-12-21 09:00:00,0,Local
Phoenix Suns,Denver Nuggets,2015-12-23 09:00:00,0,Local
Phoenix Suns,Cleveland Cavaliers,2015-12-28 09:00:00,0,Local
San Antonio Spurs,Phoenix Suns,2015-12-30 08:30:00,0,Local
Oklahoma City Thunder,Phoenix Suns,2015-12-31 08:00:00,0,Local
Phoenix Suns,Charlotte Hornets,2016-01-06 09:00:00,0,Local
Phoenix Suns,Miami Heat,2016-01-08 09:30:00,0,Local
Minnesota Timberwolves,Phoenix Suns,2016-01-17 03:30:00,0,Local
Phoenix Suns,San Antonio Spurs,2016-01-21 10:30:00,1,TNT
Phoenix Suns,Atlanta Hawks,2016-01-23 09:00:00,0,Local
Cleveland Cavaliers,Phoenix Suns,2016-01-27 07:00:00,0,Local
Dallas Mavericks,Phoenix Suns,2016-01-31 07:00:00,0,Local
Phoenix Suns,Houston Rockets,2016-02-04 10:30:00,1,TNT
Phoenix Suns,Utah Jazz,2016-02-06 09:00:00,0,Local
Phoenix Suns,Oklahoma City Thunder,2016-02-08 09:00:00,1,NBATV
Phoenix Suns,Houston Rockets,2016-02-19 09:30:00,0,Local
Phoenix Suns,San Antonio Spurs,2016-02-21 05:00:00,0,Local
Phoenix Suns,Memphis Grizzlies,2016-02-27 09:30:00,0,Local
Charlotte Hornets,Phoenix Suns,2016-03-01 07:00:00,0,Local
Miami Heat,Phoenix Suns,2016-03-03 07:30:00,0,Local
Orlando Magic,Phoenix Suns,2016-03-04 07:00:00,0,Local
Memphis Grizzlies,Phoenix Suns,2016-03-06 04:00:00,0,Local
Denver Nuggets,Phoenix Suns,2016-03-10 09:00:00,0,Local
Phoenix Suns,Minnesota Timberwolves,2016-03-14 10:00:00,0,Local
Utah Jazz,Phoenix Suns,2016-03-17 09:00:00,1,NBATV
Phoenix Suns,Memphis Grizzlies,2016-03-21 10:00:00,1,NBATV
Minnesota Timberwolves,Phoenix Suns,2016-03-28 08:00:00,0,Local
Milwaukee Bucks,Phoenix Suns,2016-03-30 08:00:00,0,Local
Phoenix Suns,Washington Wizards,2016-04-01 10:30:00,0,Local
Phoenix Suns,Utah Jazz,2016-04-03 06:00:00,0,Local
Atlanta Hawks,Phoenix Suns,2016-04-05 08:00:00,0,Local
Houston Rockets,Phoenix Suns,2016-04-07 08:00:00,0,Local
New Orleans Pelicans,Phoenix Suns,2016-04-09 07:00:00,0,Local
Atlanta Hawks,Detroit Pistons,2015-10-27 08:00:00,0,Local
Detroit Pistons,Utah Jazz,2015-10-28 07:30:00,0,Local
Portland Trail Blazers,Detroit Pistons,2015-11-08 09:00:00,0,Local
Detroit Pistons,Cleveland Cavaliers,2015-11-17 07:30:00,0,Local
Minnesota Timberwolves,Detroit Pistons,2015-11-20 08:00:00,0,Local
Detroit Pistons,Washington Wizards,2015-11-21 07:30:00,0,Local
Milwaukee Bucks,Detroit Pistons,2015-11-23 08:00:00,0,Local
Detroit Pistons,Miami Heat,2015-11-25 07:30:00,0,Local
Oklahoma City Thunder,Detroit Pistons,2015-11-27 08:00:00,0,Local
Detroit Pistons,Houston Rockets,2015-11-30 07:30:00,0,Local
Detroit Pistons,Milwaukee Bucks,2015-12-04 07:30:00,0,Local
Charlotte Hornets,Detroit Pistons,2015-12-07 07:00:00,0,Local
Detroit Pistons,Memphis Grizzlies,2015-12-09 07:30:00,0,Local
Miami Heat,Detroit Pistons,2015-12-22 07:30:00,0,Local
Atlanta Hawks,Detroit Pistons,2015-12-23 08:00:00,0,Local
Detroit Pistons,Minnesota Timberwolves,2015-12-31 06:00:00,0,Local
Detroit Pistons,Orlando Magic,2016-01-04 07:30:00,0,Local
Detroit Pistons,San Antonio Spurs,2016-01-12 07:30:00,0,Local
Memphis Grizzlies,Detroit Pistons,2016-01-14 08:00:00,0,Local
Houston Rockets,Detroit Pistons,2016-01-20 08:00:00,0,Local
New Orleans Pelicans,Detroit Pistons,2016-01-21 08:00:00,0,Local
Denver Nuggets,Detroit Pistons,2016-01-23 09:30:00,0,Local
Utah Jazz,Detroit Pistons,2016-01-25 09:00:00,0,Local
Detroit Pistons,Cleveland Cavaliers,2016-01-29 07:30:00,0,Local
Detroit Pistons,Denver Nuggets,2016-02-10 07:30:00,0,Local
Washington Wizards,Detroit Pistons,2016-02-19 07:00:00,0,Local
Detroit Pistons,New Orleans Pelicans,2016-02-21 03:30:00,0,Local
Cleveland Cavaliers,Detroit Pistons,2016-02-22 07:00:00,0,Local
Milwaukee Bucks,Detroit Pistons,2016-02-27 08:30:00,0,Local
San Antonio Spurs,Detroit Pistons,2016-03-02 08:30:00,0,Local
Detroit Pistons,Portland Trail Blazers,2016-03-06 06:00:00,1,NBATV
Dallas Mavericks,Detroit Pistons,2016-03-09 08:30:00,0,Local
Charlotte Hornets,Detroit Pistons,2016-03-11 07:00:00,0,Local
Washington Wizards,Detroit Pistons,2016-03-14 07:00:00,0,Local
Detroit Pistons,Atlanta Hawks,2016-03-16 07:30:00,0,Local
Detroit Pistons,Milwaukee Bucks,2016-03-21 07:30:00,0,Local
Detroit Pistons,Orlando Magic,2016-03-23 07:30:00,0,Local
Detroit Pistons,Charlotte Hornets,2016-03-25 07:30:00,1,NBATV
Detroit Pistons,Atlanta Hawks,2016-03-26 07:30:00,0,Local
Detroit Pistons,Oklahoma City Thunder,2016-03-29 07:30:00,0,Local
Detroit Pistons,Dallas Mavericks,2016-04-01 07:30:00,0,Local
Miami Heat,Detroit Pistons,2016-04-05 07:30:00,0,Local
Orlando Magic,Detroit Pistons,2016-04-06 07:00:00,0,Local
Detroit Pistons,Washington Wizards,2016-04-08 07:30:00,0,Local
Detroit Pistons,Miami Heat,2016-04-12 07:30:00,0,Local
Cleveland Cavaliers,Detroit Pistons,2016-04-13 08:00:00,0,Local
Memphis Grizzlies,Cleveland Cavaliers,2015-10-28 08:00:00,0,Local
Cleveland Cavaliers,Miami Heat,2015-10-30 07:00:00,1,ESPN
Cleveland Cavaliers,Utah Jazz,2015-11-10 07:00:00,0,Local
Milwaukee Bucks,Cleveland Cavaliers,2015-11-14 08:30:00,0,Local
Cleveland Cavaliers,Milwaukee Bucks,2015-11-19 08:00:00,1,TNT
Cleveland Cavaliers,Atlanta Hawks,2015-11-21 07:30:00,0,Local
Cleveland Cavaliers,Orlando Magic,2015-11-23 07:00:00,0,Local
Charlotte Hornets,Cleveland Cavaliers,2015-11-27 07:00:00,0,Local
Cleveland Cavaliers,Washington Wizards,2015-12-01 07:00:00,1,NBATV
New Orleans Pelicans,Cleveland Cavaliers,2015-12-04 09:30:00,1,ESPN
Miami Heat,Cleveland Cavaliers,2015-12-05 07:30:00,1,NBATV
Cleveland Cavaliers,Portland Trail Blazers,2015-12-08 07:00:00,1,NBATV
Orlando Magic,Cleveland Cavaliers,2015-12-11 07:00:00,0,Local
Cleveland Cavaliers,Oklahoma City Thunder,2015-12-17 08:00:00,1,TNT
Portland Trail Blazers,Cleveland Cavaliers,2015-12-26 10:00:00,0,Local
Denver Nuggets,Cleveland Cavaliers,2015-12-29 09:00:00,0,Local
Cleveland Cavaliers,Orlando Magic,2016-01-02 07:30:00,0,Local
Washington Wizards,Cleveland Cavaliers,2016-01-06 07:00:00,0,Local
Minnesota Timberwolves,Cleveland Cavaliers,2016-01-08 08:00:00,1,ESPN
Dallas Mavericks,Cleveland Cavaliers,2016-01-12 08:30:00,0,Local
San Antonio Spurs,Cleveland Cavaliers,2016-01-14 08:00:00,1,TNT
Houston Rockets,Cleveland Cavaliers,2016-01-15 09:30:00,1,ESPN
Cleveland Cavaliers,Minnesota Timberwolves,2016-01-25 07:00:00,1,NBATV
Cleveland Cavaliers,San Antonio Spurs,2016-01-30 08:30:00,1,ESPN
Charlotte Hornets,Cleveland Cavaliers,2016-02-03 07:00:00,0,Local
Cleveland Cavaliers,New Orleans Pelicans,2016-02-06 07:30:00,0,Local
Oklahoma City Thunder,Cleveland Cavaliers,2016-02-21 03:30:00,1,ESPN
Cleveland Cavaliers,Charlotte Hornets,2016-02-24 07:00:00,0,Local
Washington Wizards,Cleveland Cavaliers,2016-02-28 01:00:00,0,Local
Cleveland Cavaliers,Washington Wizards,2016-03-04 08:00:00,1,ESPN
Cleveland Cavaliers,Memphis Grizzlies,2016-03-07 07:00:00,1,NBATV
Utah Jazz,Cleveland Cavaliers,2016-03-14 09:00:00,0,Local
Cleveland Cavaliers,Dallas Mavericks,2016-03-16 07:00:00,0,Local
Orlando Magic,Cleveland Cavaliers,2016-03-18 07:00:00,0,Local
Miami Heat,Cleveland Cavaliers,2016-03-19 07:30:00,0,Local
Cleveland Cavaliers,Denver Nuggets,2016-03-21 07:00:00,0,Local
Cleveland Cavaliers,Milwaukee Bucks,2016-03-23 08:00:00,1,ESPN
Cleveland Cavaliers,Houston Rockets,2016-03-29 08:00:00,1,TNT
Atlanta Hawks,Cleveland Cavaliers,2016-04-01 08:00:00,1,ESPN
Cleveland Cavaliers,Charlotte Hornets,2016-04-03 03:30:00,0,Local
Milwaukee Bucks,Cleveland Cavaliers,2016-04-05 08:00:00,0,Local
Cleveland Cavaliers,Atlanta Hawks,2016-04-11 07:00:00,1,NBATV
Milwaukee Bucks,Washington Wizards,2015-10-30 08:00:00,0,Local
Denver Nuggets,Milwaukee Bucks,2015-11-11 09:00:00,0,Local
Washington Wizards,Milwaukee Bucks,2015-11-17 07:00:00,1,NBATV
Orlando Magic,Milwaukee Bucks,2015-11-27 07:00:00,0,Local
Charlotte Hornets,Milwaukee Bucks,2015-11-29 02:00:00,0,Local
Milwaukee Bucks,Denver Nuggets,2015-11-30 08:00:00,0,Local
San Antonio Spurs,Milwaukee Bucks,2015-12-02 08:30:00,0,Local
Milwaukee Bucks,Portland Trail Blazers,2015-12-07 08:00:00,0,Local
Dallas Mavericks,Milwaukee Bucks,2015-12-28 08:30:00,0,Local
Oklahoma City Thunder,Milwaukee Bucks,2015-12-29 08:00:00,1,NBATV
Minnesota Timberwolves,Milwaukee Bucks,2016-01-02 08:00:00,0,Local
Milwaukee Bucks,San Antonio Spurs,2016-01-04 08:00:00,0,Local
Milwaukee Bucks,Dallas Mavericks,2016-01-08 08:00:00,0,Local
Washington Wizards,Milwaukee Bucks,2016-01-13 07:00:00,0,Local
Milwaukee Bucks,Atlanta Hawks,2016-01-15 08:00:00,0,Local
Charlotte Hornets,Milwaukee Bucks,2016-01-16 07:00:00,0,Local
Miami Heat,Milwaukee Bucks,2016-01-19 07:30:00,0,Local
Houston Rockets,Milwaukee Bucks,2016-01-22 08:00:00,0,Local
New Orleans Pelicans,Milwaukee Bucks,2016-01-23 07:00:00,0,Local
Milwaukee Bucks,Orlando Magic,2016-01-26 08:00:00,0,Local
Memphis Grizzlies,Milwaukee Bucks,2016-01-28 08:00:00,0,Local
Milwaukee Bucks,Miami Heat,2016-01-29 08:00:00,0,Local
Portland Trail Blazers,Milwaukee Bucks,2016-02-02 10:00:00,0,Local
Utah Jazz,Milwaukee Bucks,2016-02-05 09:00:00,0,Local
Milwaukee Bucks,Washington Wizards,2016-02-11 08:00:00,0,Local
Milwaukee Bucks,Charlotte Hornets,2016-02-19 08:00:00,0,Local
Atlanta Hawks,Milwaukee Bucks,2016-02-20 07:30:00,0,Local
Milwaukee Bucks,Houston Rockets,2016-02-29 08:00:00,0,Local
Milwaukee Bucks,Minnesota Timberwolves,2016-03-04 08:00:00,0,Local
Milwaukee Bucks,Oklahoma City Thunder,2016-03-06 03:30:00,0,Local
Milwaukee Bucks,Miami Heat,2016-03-09 07:00:00,1,ESPN
Milwaukee Bucks,New Orleans Pelicans,2016-03-12 07:30:00,0,Local
Milwaukee Bucks,Memphis Grizzlies,2016-03-17 08:00:00,0,Local
Milwaukee Bucks,Utah Jazz,2016-03-20 07:00:00,0,Local
Atlanta Hawks,Milwaukee Bucks,2016-03-25 08:00:00,0,Local
Milwaukee Bucks,Charlotte Hornets,2016-03-26 08:30:00,0,Local
Milwaukee Bucks,Orlando Magic,2016-04-01 08:00:00,0,Local
Orlando Magic,Milwaukee Bucks,2016-04-11 07:00:00,0,Local
Dallas Mavericks,Charlotte Hornets,2015-11-05 08:30:00,0,Local
Dallas Mavericks,New Orleans Pelicans,2015-11-07 08:30:00,0,Local
New Orleans Pelicans,Dallas Mavericks,2015-11-10 08:00:00,0,Local
Houston Rockets,Dallas Mavericks,2015-11-14 08:00:00,0,Local
Dallas Mavericks,Utah Jazz,2015-11-20 08:30:00,0,Local
Oklahoma City Thunder,Dallas Mavericks,2015-11-22 07:00:00,0,Local
Memphis Grizzlies,Dallas Mavericks,2015-11-24 08:00:00,0,Local
San Antonio Spurs,Dallas Mavericks,2015-11-25 08:30:00,0,Local
Dallas Mavericks,Denver Nuggets,2015-11-28 08:30:00,1,NBATV
Portland Trail Blazers,Dallas Mavericks,2015-12-01 10:00:00,1,NBATV
Dallas Mavericks,Houston Rockets,2015-12-04 08:30:00,0,Local
Washington Wizards,Dallas Mavericks,2015-12-06 06:00:00,0,Local
Dallas Mavericks,Atlanta Hawks,2015-12-09 09:30:00,1,ESPN
Dallas Mavericks,Washington Wizards,2015-12-12 08:30:00,0,Local
Dallas Mavericks,Memphis Grizzlies,2015-12-18 08:30:00,0,Local
Miami Heat,Dallas Mavericks,2016-01-01 07:30:00,0,Local
Dallas Mavericks,New Orleans Pelicans,2016-01-02 08:30:00,0,Local
New Orleans Pelicans,Dallas Mavericks,2016-01-06 08:00:00,0,Local
Minnesota Timberwolves,Dallas Mavericks,2016-01-10 03:30:00,0,Local
Oklahoma City Thunder,Dallas Mavericks,2016-01-13 08:00:00,0,Local
San Antonio Spurs,Dallas Mavericks,2016-01-17 07:00:00,0,Local
Dallas Mavericks,Minnesota Timberwolves,2016-01-20 08:30:00,0,Local
Dallas Mavericks,Oklahoma City Thunder,2016-01-22 08:30:00,0,Local
Houston Rockets,Dallas Mavericks,2016-01-24 03:30:00,0,Local
Atlanta Hawks,Dallas Mavericks,2016-02-01 08:00:00,0,Local
Dallas Mavericks,Miami Heat,2016-02-03 08:30:00,0,Local
Dallas Mavericks,San Antonio Spurs,2016-02-05 09:30:00,1,ESPN
Memphis Grizzlies,Dallas Mavericks,2016-02-06 08:00:00,0,Local
Dallas Mavericks,Utah Jazz,2016-02-09 08:30:00,0,Local
Orlando Magic,Dallas Mavericks,2016-02-19 07:00:00,0,Local
Dallas Mavericks,Oklahoma City Thunder,2016-02-24 08:30:00,0,Local
Dallas Mavericks,Denver Nuggets,2016-02-26 08:30:00,0,Local
Dallas Mavericks,Minnesota Timberwolves,2016-02-28 07:00:00,1,NBATV
Dallas Mavericks,Orlando Magic,2016-03-01 08:30:00,0,Local
Denver Nuggets,Dallas Mavericks,2016-03-06 05:00:00,0,Local
Charlotte Hornets,Dallas Mavericks,2016-03-14 07:00:00,0,Local
Dallas Mavericks,Portland Trail Blazers,2016-03-20 04:00:00,0,Local
Portland Trail Blazers,Dallas Mavericks,2016-03-23 10:30:00,1,ESPN
Denver Nuggets,Dallas Mavericks,2016-03-28 09:00:00,0,Local
Minnesota Timberwolves,Dallas Mavericks,2016-04-03 03:30:00,0,Local
Dallas Mavericks,Houston Rockets,2016-04-06 09:30:00,1,ESPN
Dallas Mavericks,Memphis Grizzlies,2016-04-08 08:30:00,1,NBATV
Utah Jazz,Dallas Mavericks,2016-04-11 09:00:00,0,Local
Dallas Mavericks,San Antonio Spurs,2016-04-13 08:00:00,0,Local
Houston Rockets,Denver Nuggets,2015-10-28 08:00:00,0,Local
Miami Heat,Houston Rockets,2015-11-01 06:00:00,0,Local
Houston Rockets,Oklahoma City Thunder,2015-11-02 08:00:00,1,NBATV
Houston Rockets,Orlando Magic,2015-11-04 08:00:00,0,Local
Denver Nuggets,Houston Rockets,2015-11-13 09:00:00,0,Local
Houston Rockets,Portland Trail Blazers,2015-11-18 08:00:00,0,Local
Memphis Grizzlies,Houston Rockets,2015-11-20 08:00:00,0,Local
Houston Rockets,Memphis Grizzlies,2015-11-25 08:00:00,1,NBATV
Houston Rockets,New Orleans Pelicans,2015-12-02 08:00:00,1,NBATV
Washington Wizards,Houston Rockets,2015-12-09 07:00:00,0,Local
Denver Nuggets,Houston Rockets,2015-12-14 09:00:00,0,Local
Houston Rockets,Charlotte Hornets,2015-12-21 08:00:00,0,Local
Orlando Magic,Houston Rockets,2015-12-23 07:00:00,0,Local
Houston Rockets,San Antonio Spurs,2015-12-25 08:00:00,1,ESPN
New Orleans Pelicans,Houston Rockets,2015-12-26 07:00:00,1,NBATV
Houston Rockets,Atlanta Hawks,2015-12-29 08:00:00,0,Local
San Antonio Spurs,Houston Rockets,2016-01-02 08:30:00,1,NBATV
Utah Jazz,Houston Rockets,2016-01-04 09:00:00,0,Local
Houston Rockets,Utah Jazz,2016-01-07 08:00:00,0,Local
Memphis Grizzlies,Houston Rockets,2016-01-12 08:00:00,0,Local
Houston Rockets,Minnesota Timberwolves,2016-01-13 08:00:00,0,Local
New Orleans Pelicans,Houston Rockets,2016-01-25 08:00:00,0,Local
San Antonio Spurs,Houston Rockets,2016-01-27 08:00:00,1,ESPN
Oklahoma City Thunder,Houston Rockets,2016-01-29 08:00:00,1,NBATV
Houston Rockets,Washington Wizards,2016-01-30 08:00:00,0,Local
Houston Rockets,Miami Heat,2016-02-02 08:00:00,1,NBATV
Houston Rockets,Portland Trail Blazers,2016-02-06 05:00:00,0,Local
Portland Trail Blazers,Houston Rockets,2016-02-10 10:30:00,1,ESPN
Utah Jazz,Houston Rockets,2016-02-23 09:00:00,0,Local
Portland Trail Blazers,Houston Rockets,2016-02-25 10:00:00,0,Local
Houston Rockets,San Antonio Spurs,2016-02-27 08:00:00,0,Local
Houston Rockets,New Orleans Pelicans,2016-03-02 08:00:00,1,ESPN
Charlotte Hornets,Houston Rockets,2016-03-12 07:00:00,0,Local
Houston Rockets,Memphis Grizzlies,2016-03-14 08:00:00,1,ESPN
Houston Rockets,Minnesota Timberwolves,2016-03-18 08:00:00,0,Local
Atlanta Hawks,Houston Rockets,2016-03-19 07:30:00,0,Local
Oklahoma City Thunder,Houston Rockets,2016-03-22 08:00:00,1,TNT
Houston Rockets,Utah Jazz,2016-03-23 08:00:00,0,Local
Houston Rockets,Oklahoma City Thunder,2016-04-03 03:30:00,1,ESPN
Minnesota Timberwolves,Houston Rockets,2016-04-11 08:00:00,0,Local
Portland Trail Blazers,Memphis Grizzlies,2015-11-05 10:30:00,1,TNT
Utah Jazz,Memphis Grizzlies,2015-11-07 09:00:00,1,NBATV
Memphis Grizzlies,Portland Trail Blazers,2015-11-13 08:00:00,0,Local
Minnesota Timberwolves,Memphis Grizzlies,2015-11-15 03:30:00,0,Local
Memphis Grizzlies,Oklahoma City Thunder,2015-11-16 08:00:00,0,Local
San Antonio Spurs,Memphis Grizzlies,2015-11-21 08:30:00,0,Local
Memphis Grizzlies,Atlanta Hawks,2015-11-27 08:00:00,0,Local
New Orleans Pelicans,Memphis Grizzlies,2015-12-01 08:00:00,0,Local
Memphis Grizzlies,San Antonio Spurs,2015-12-03 09:30:00,1,TNT
Memphis Grizzlies,Oklahoma City Thunder,2015-12-08 08:00:00,0,Local
Memphis Grizzlies,Charlotte Hornets,2015-12-11 08:00:00,0,Local
Miami Heat,Memphis Grizzlies,2015-12-13 06:00:00,0,Local
Memphis Grizzlies,Washington Wizards,2015-12-14 08:00:00,0,Local
Washington Wizards,Memphis Grizzlies,2015-12-23 07:00:00,0,Local
Charlotte Hornets,Memphis Grizzlies,2015-12-26 07:00:00,0,Local
Memphis Grizzlies,Miami Heat,2015-12-29 08:00:00,0,Local
Utah Jazz,Memphis Grizzlies,2016-01-02 09:00:00,0,Local
Portland Trail Blazers,Memphis Grizzlies,2016-01-04 10:00:00,1,NBATV
Oklahoma City Thunder,Memphis Grizzlies,2016-01-06 09:30:00,1,ESPN
Memphis Grizzlies,Denver Nuggets,2016-01-08 08:00:00,0,Local
Memphis Grizzlies,New Orleans Pelicans,2016-01-18 02:30:00,1,ESPN
Denver Nuggets,Memphis Grizzlies,2016-01-21 09:00:00,0,Local
Minnesota Timberwolves,Memphis Grizzlies,2016-01-23 08:00:00,0,Local
Memphis Grizzlies,Orlando Magic,2016-01-25 08:00:00,0,Local
New Orleans Pelicans,Memphis Grizzlies,2016-02-01 08:00:00,0,Local
Memphis Grizzlies,Portland Trail Blazers,2016-02-08 08:00:00,0,Local
Memphis Grizzlies,Minnesota Timberwolves,2016-02-19 08:00:00,0,Local
Denver Nuggets,Memphis Grizzlies,2016-02-29 09:00:00,0,Local
Memphis Grizzlies,Utah Jazz,2016-03-04 08:00:00,0,Local
Memphis Grizzlies,New Orleans Pelicans,2016-03-11 08:00:00,0,Local
Atlanta Hawks,Memphis Grizzlies,2016-03-12 07:30:00,0,Local
Memphis Grizzlies,Minnesota Timberwolves,2016-03-16 08:00:00,0,Local
San Antonio Spurs,Memphis Grizzlies,2016-03-25 08:30:00,0,Local
Memphis Grizzlies,San Antonio Spurs,2016-03-28 08:00:00,0,Local
Memphis Grizzlies,Denver Nuggets,2016-03-30 08:00:00,0,Local
Orlando Magic,Memphis Grizzlies,2016-04-03 06:00:00,0,Local
Portland Trail Blazers,New Orleans Pelicans,2015-10-28 10:00:00,0,Local
New Orleans Pelicans,Orlando Magic,2015-11-03 08:00:00,0,Local
New Orleans Pelicans,Atlanta Hawks,2015-11-06 08:00:00,0,Local
Atlanta Hawks,New Orleans Pelicans,2015-11-11 08:00:00,0,Local
New Orleans Pelicans,Denver Nuggets,2015-11-17 08:00:00,0,Local
Oklahoma City Thunder,New Orleans Pelicans,2015-11-18 08:00:00,1,ESPN
New Orleans Pelicans,San Antonio Spurs,2015-11-20 08:00:00,1,ESPN
Utah Jazz,New Orleans Pelicans,2015-11-28 09:00:00,0,Local
New Orleans Pelicans,Washington Wizards,2015-12-11 08:00:00,0,Local
Portland Trail Blazers,New Orleans Pelicans,2015-12-14 10:00:00,0,Local
Utah Jazz,New Orleans Pelicans,2015-12-16 09:00:00,0,Local
Denver Nuggets,New Orleans Pelicans,2015-12-20 08:00:00,0,Local
New Orleans Pelicans,Portland Trail Blazers,2015-12-23 08:00:00,0,Local
Miami Heat,New Orleans Pelicans,2015-12-25 12:00:00,1,ESPN
Orlando Magic,New Orleans Pelicans,2015-12-28 07:00:00,0,Local
New Orleans Pelicans,Charlotte Hornets,2016-01-15 08:00:00,0,Local
New Orleans Pelicans,Minnesota Timberwolves,2016-01-19 08:00:00,1,NBATV
San Antonio Spurs,New Orleans Pelicans,2016-02-03 08:30:00,0,Local
Minnesota Timberwolves,New Orleans Pelicans,2016-02-08 08:00:00,0,Local
New Orleans Pelicans,Utah Jazz,2016-02-10 08:00:00,0,Local
Oklahoma City Thunder,New Orleans Pelicans,2016-02-11 08:00:00,1,TNT
Washington Wizards,New Orleans Pelicans,2016-02-23 07:00:00,1,NBATV
New Orleans Pelicans,Oklahoma City Thunder,2016-02-25 08:00:00,1,TNT
New Orleans Pelicans,Minnesota Timberwolves,2016-02-27 07:00:00,0,Local
New Orleans Pelicans,San Antonio Spurs,2016-03-03 08:00:00,1,TNT
New Orleans Pelicans,Utah Jazz,2016-03-05 07:00:00,0,Local
Charlotte Hornets,New Orleans Pelicans,2016-03-09 07:00:00,0,Local
New Orleans Pelicans,Portland Trail Blazers,2016-03-18 08:00:00,0,Local
New Orleans Pelicans,Miami Heat,2016-03-22 08:00:00,0,Local
San Antonio Spurs,New Orleans Pelicans,2016-03-30 08:30:00,0,Local
New Orleans Pelicans,Denver Nuggets,2016-03-31 08:00:00,0,Local
Minnesota Timberwolves,New Orleans Pelicans,2016-04-13 08:00:00,0,Local
Oklahoma City Thunder,San Antonio Spurs,2015-10-28 08:00:00,1,ESPN
Washington Wizards,San Antonio Spurs,2015-11-04 07:00:00,0,Local
San Antonio Spurs,Charlotte Hornets,2015-11-07 08:30:00,0,Local
Portland Trail Blazers,San Antonio Spurs,2015-11-11 10:30:00,1,ESPN
San Antonio Spurs,Portland Trail Blazers,2015-11-16 08:30:00,0,Local
San Antonio Spurs,Denver Nuggets,2015-11-18 08:30:00,0,Local
Denver Nuggets,San Antonio Spurs,2015-11-27 09:00:00,0,Local
San Antonio Spurs,Atlanta Hawks,2015-11-28 08:30:00,0,Local
Atlanta Hawks,San Antonio Spurs,2015-12-12 08:00:00,1,NBATV
San Antonio Spurs,Utah Jazz,2015-12-14 08:30:00,0,Local
San Antonio Spurs,Washington Wizards,2015-12-16 08:30:00,0,Local
Minnesota Timberwolves,San Antonio Spurs,2015-12-23 08:00:00,0,Local
San Antonio Spurs,Denver Nuggets,2015-12-26 08:30:00,0,Local
San Antonio Spurs,Minnesota Timberwolves,2015-12-28 08:30:00,0,Local
San Antonio Spurs,Utah Jazz,2016-01-06 08:30:00,0,Local
San Antonio Spurs,Orlando Magic,2016-02-01 08:30:00,0,Local
Miami Heat,San Antonio Spurs,2016-02-09 07:30:00,0,Local
Orlando Magic,San Antonio Spurs,2016-02-10 07:00:00,0,Local
Utah Jazz,San Antonio Spurs,2016-02-25 10:30:00,1,TNT
Minnesota Timberwolves,San Antonio Spurs,2016-03-08 08:00:00,1,NBATV
San Antonio Spurs,Oklahoma City Thunder,2016-03-12 08:30:00,1,ESPN
San Antonio Spurs,Portland Trail Blazers,2016-03-17 08:30:00,0,Local
Charlotte Hornets,San Antonio Spurs,2016-03-21 07:00:00,1,NBATV
San Antonio Spurs,Miami Heat,2016-03-23 08:30:00,0,Local
Oklahoma City Thunder,San Antonio Spurs,2016-03-26 08:00:00,1,NBATV
Utah Jazz,San Antonio Spurs,2016-04-05 09:00:00,0,Local
Denver Nuggets,San Antonio Spurs,2016-04-08 09:00:00,0,Local
San Antonio Spurs,Oklahoma City Thunder,2016-04-12 08:00:00,1,TNT
Atlanta Hawks,Charlotte Hornets,2015-10-30 08:00:00,0,Local
Charlotte Hornets,Atlanta Hawks,2015-11-01 02:00:00,0,Local
Miami Heat,Atlanta Hawks,2015-11-03 07:30:00,1,NBATV
Atlanta Hawks,Washington Wizards,2015-11-07 07:30:00,0,Local
Atlanta Hawks,Minnesota Timberwolves,2015-11-09 08:00:00,0,Local
Atlanta Hawks,Utah Jazz,2015-11-15 06:00:00,0,Local
Minnesota Timberwolves,Atlanta Hawks,2015-11-25 08:00:00,0,Local
Atlanta Hawks,Oklahoma City Thunder,2015-11-30 08:00:00,0,Local
Oklahoma City Thunder,Atlanta Hawks,2015-12-10 08:00:00,0,Local
Atlanta Hawks,Miami Heat,2015-12-14 08:00:00,0,Local
Orlando Magic,Atlanta Hawks,2015-12-20 06:00:00,0,Local
Atlanta Hawks,Portland Trail Blazers,2015-12-21 08:00:00,0,Local
Charlotte Hornets,Atlanta Hawks,2016-01-13 07:00:00,0,Local
Atlanta Hawks,Orlando Magic,2016-01-18 05:00:00,1,NBATV
Portland Trail Blazers,Atlanta Hawks,2016-01-20 10:30:00,1,ESPN
Denver Nuggets,Atlanta Hawks,2016-01-25 09:00:00,0,Local
Miami Heat,Atlanta Hawks,2016-01-31 06:00:00,0,Local
Orlando Magic,Atlanta Hawks,2016-02-07 01:00:00,0,Local
Atlanta Hawks,Orlando Magic,2016-02-08 08:00:00,0,Local
Atlanta Hawks,Miami Heat,2016-02-19 08:00:00,0,Local
Atlanta Hawks,Charlotte Hornets,2016-02-28 03:30:00,0,Local
Utah Jazz,Atlanta Hawks,2016-03-08 09:00:00,0,Local
Atlanta Hawks,Denver Nuggets,2016-03-17 08:00:00,0,Local
Atlanta Hawks,Washington Wizards,2016-03-21 08:00:00,0,Local
Washington Wizards,Atlanta Hawks,2016-03-23 07:00:00,0,Local
Washington Wizards,Atlanta Hawks,2016-04-13 08:00:00,0,Local
Miami Heat,Charlotte Hornets,2015-10-28 07:30:00,0,Local
Minnesota Timberwolves,Charlotte Hornets,2015-11-10 08:00:00,0,Local
Charlotte Hornets,Portland Trail Blazers,2015-11-15 05:00:00,0,Local
Charlotte Hornets,Washington Wizards,2015-11-25 07:00:00,0,Local
Charlotte Hornets,Miami Heat,2015-12-09 07:00:00,0,Local
Orlando Magic,Charlotte Hornets,2015-12-16 07:00:00,0,Local
Washington Wizards,Charlotte Hornets,2015-12-19 07:00:00,1,NBATV
Charlotte Hornets,Oklahoma City Thunder,2016-01-02 07:00:00,0,Local
Denver Nuggets,Charlotte Hornets,2016-01-10 08:00:00,1,NBATV
Charlotte Hornets,Utah Jazz,2016-01-18 02:00:00,0,Local
Oklahoma City Thunder,Charlotte Hornets,2016-01-20 08:00:00,0,Local
Orlando Magic,Charlotte Hornets,2016-01-22 07:00:00,0,Local
Utah Jazz,Charlotte Hornets,2016-01-27 09:00:00,0,Local
Portland Trail Blazers,Charlotte Hornets,2016-01-29 10:00:00,0,Local
Charlotte Hornets,Miami Heat,2016-02-05 07:00:00,0,Local
Charlotte Hornets,Washington Wizards,2016-02-06 07:00:00,0,Local
Charlotte Hornets,Minnesota Timberwolves,2016-03-07 07:00:00,0,Local
Charlotte Hornets,Orlando Magic,2016-03-16 07:00:00,0,Local
Miami Heat,Charlotte Hornets,2016-03-17 07:30:00,0,Local
Charlotte Hornets,Denver Nuggets,2016-03-19 06:00:00,0,Local
Washington Wizards,Charlotte Hornets,2016-04-10 01:00:00,1,NBATV
Charlotte Hornets,Orlando Magic,2016-04-13 08:00:00,1,ESPN
Minnesota Timberwolves,Miami Heat,2015-11-05 08:00:00,0,Local
Miami Heat,Utah Jazz,2015-11-12 07:30:00,0,Local
Miami Heat,Minnesota Timberwolves,2015-11-17 07:30:00,0,Local
Miami Heat,Oklahoma City Thunder,2015-12-03 07:00:00,1,TNT
Miami Heat,Washington Wizards,2015-12-07 07:30:00,0,Local
Miami Heat,Portland Trail Blazers,2015-12-20 01:00:00,0,Local
Orlando Magic,Miami Heat,2015-12-26 07:00:00,0,Local
Washington Wizards,Miami Heat,2016-01-03 06:00:00,0,Local
Utah Jazz,Miami Heat,2016-01-09 09:00:00,0,Local
Denver Nuggets,Miami Heat,2016-01-15 09:00:00,0,Local
Oklahoma City Thunder,Miami Heat,2016-01-17 07:00:00,0,Local
Washington Wizards,Miami Heat,2016-01-20 07:00:00,0,Local
Miami Heat,Washington Wizards,2016-02-20 07:30:00,0,Local
Miami Heat,Denver Nuggets,2016-03-14 07:30:00,0,Local
Miami Heat,Orlando Magic,2016-03-25 07:30:00,0,Local
Portland Trail Blazers,Miami Heat,2016-04-02 10:00:00,0,Local
Orlando Magic,Miami Heat,2016-04-08 07:00:00,0,Local
Miami Heat,Orlando Magic,2016-04-10 06:00:00,0,Local
Orlando Magic,Washington Wizards,2015-10-28 07:00:00,0,Local
Orlando Magic,Oklahoma City Thunder,2015-10-30 07:00:00,0,Local
Orlando Magic,Utah Jazz,2015-11-13 07:00:00,0,Local
Washington Wizards,Orlando Magic,2015-11-14 07:00:00,0,Local
Orlando Magic,Minnesota Timberwolves,2015-11-18 07:00:00,0,Local
Minnesota Timberwolves,Orlando Magic,2015-12-01 08:00:00,0,Local
Utah Jazz,Orlando Magic,2015-12-03 09:00:00,0,Local
Denver Nuggets,Orlando Magic,2015-12-08 09:00:00,0,Local
Orlando Magic,Portland Trail Blazers,2015-12-18 07:00:00,0,Local
Washington Wizards,Orlando Magic,2016-01-01 07:00:00,0,Local
Orlando Magic,Washington Wizards,2016-01-09 07:00:00,0,Local
Oklahoma City Thunder,Orlando Magic,2016-02-03 08:00:00,0,Local
Portland Trail Blazers,Orlando Magic,2016-03-12 10:30:00,0,Local
Orlando Magic,Denver Nuggets,2016-03-15 07:00:00,0,Local
Washington Wizards,Oklahoma City Thunder,2015-11-10 07:00:00,1,NBATV
Washington Wizards,Portland Trail Blazers,2016-01-18 02:00:00,0,Local
Washington Wizards,Utah Jazz,2016-01-23 06:30:00,0,Local
Washington Wizards,Denver Nuggets,2016-01-28 07:00:00,0,Local
Oklahoma City Thunder,Washington Wizards,2016-02-01 08:00:00,0,Local
Minnesota Timberwolves,Washington Wizards,2016-03-02 08:00:00,0,Local
Portland Trail Blazers,Washington Wizards,2016-03-08 10:00:00,0,Local
Utah Jazz,Washington Wizards,2016-03-11 09:00:00,0,Local
Denver Nuggets,Washington Wizards,2016-03-12 09:30:00,0,Local
Washington Wizards,Minnesota Timberwolves,2016-03-25 07:00:00,0,Local
Denver Nuggets,Minnesota Timberwolves,2015-10-30 09:00:00,0,Local
Oklahoma City Thunder,Denver Nuggets,2015-11-01 07:00:00,0,Local
Denver Nuggets,Utah Jazz,2015-11-05 09:00:00,0,Local
Denver Nuggets,Portland Trail Blazers,2015-11-09 09:00:00,0,Local
Denver Nuggets,Minnesota Timberwolves,2015-12-11 09:00:00,0,Local
Minnesota Timberwolves,Denver Nuggets,2015-12-15 08:00:00,1,NBATV
Utah Jazz,Denver Nuggets,2015-12-18 09:00:00,0,Local
Oklahoma City Thunder,Denver Nuggets,2015-12-27 07:00:00,0,Local
Portland Trail Blazers,Denver Nuggets,2015-12-30 10:00:00,1,NBATV
Denver Nuggets,Portland Trail Blazers,2016-01-03 09:00:00,0,Local
Minnesota Timberwolves,Denver Nuggets,2016-01-06 08:00:00,0,Local
Denver Nuggets,Oklahoma City Thunder,2016-01-19 09:00:00,0,Local
Utah Jazz,Denver Nuggets,2016-02-03 09:00:00,0,Local
Denver Nuggets,Oklahoma City Thunder,2016-04-05 09:00:00,0,Local
Denver Nuggets,Utah Jazz,2016-04-10 05:00:00,0,Local
Portland Trail Blazers,Denver Nuggets,2016-04-13 10:30:00,0,Local
Minnesota Timberwolves,Portland Trail Blazers,2015-11-02 08:00:00,0,Local
Minnesota Timberwolves,Portland Trail Blazers,2015-12-05 08:00:00,0,Local
Minnesota Timberwolves,Utah Jazz,2015-12-30 08:00:00,0,Local
Minnesota Timberwolves,Oklahoma City Thunder,2016-01-12 08:00:00,0,Local
Oklahoma City Thunder,Minnesota Timberwolves,2016-01-15 07:00:00,1,ESPN
Minnesota Timberwolves,Oklahoma City Thunder,2016-01-27 08:00:00,0,Local
Utah Jazz,Minnesota Timberwolves,2016-01-29 09:00:00,0,Local
Portland Trail Blazers,Minnesota Timberwolves,2016-01-31 09:00:00,1,NBATV
Oklahoma City Thunder,Minnesota Timberwolves,2016-03-11 08:00:00,0,Local
Minnesota Timberwolves,Utah Jazz,2016-03-26 08:00:00,0,Local
Utah Jazz,Minnesota Timberwolves,2016-04-01 09:00:00,0,Local
Portland Trail Blazers,Minnesota Timberwolves,2016-04-09 10:30:00,0,Local
Utah Jazz,Oklahoma City Thunder,2015-11-23 09:00:00,0,Local
Utah Jazz,Oklahoma City Thunder,2015-12-11 09:00:00,0,Local
Oklahoma City Thunder,Utah Jazz,2015-12-13 07:00:00,0,Local
Oklahoma City Thunder,Portland Trail Blazers,2015-12-16 08:00:00,0,Local
Portland Trail Blazers,Oklahoma City Thunder,2016-01-10 09:00:00,0,Local
Oklahoma City Thunder,Portland Trail Blazers,2016-03-14 08:00:00,0,Local
Oklahoma City Thunder,Utah Jazz,2016-03-24 08:00:00,0,Local
Portland Trail Blazers,Oklahoma City Thunder,2016-04-06 10:00:00,0,Local
Utah Jazz,Portland Trail Blazers,2015-11-04 09:00:00,0,Local
Utah Jazz,Portland Trail Blazers,2015-12-31 09:00:00,0,Local
Portland Trail Blazers,Utah Jazz,2016-01-13 10:00:00,0,Local
Portland Trail Blazers,Utah Jazz,2016-02-21 09:00:00,0,Local
